	age	workclass	fnlwgt?	education	edu-num	marital-status	occupation	relationship	race	sex	capital-gain	capital-loss	hrs-per-wk	native-country	income	Bayes Classification
0	25	 Private	226802	11th	7	 Never-married	 Machine-op-inspct	 Own-child	 Black	 Male	0	0	40	 United-States	<=50K.	<=50K.
1	38	 Private	89814	 HS-grad	9	 Married-civ-spouse	 Farming-fishing	 Husband	 White	 Male	0	0	50	 United-States	<=50K.	<=50K.
2	28	 Local-gov	336951	 Assoc-acdm	12	 Married-civ-spouse	 Protective-serv	 Husband	 White	 Male	0	0	40	 United-States	>50K.	<=50K.
3	44	 Private	160323	 Some-college	10	 Married-civ-spouse	 Machine-op-inspct	 Husband	 Black	 Male	7688	0	40	 United-States	>50K.	>50K.
4	18	 ?	103497	 Some-college	10	 Never-married	 ?	 Own-child	 White	 Female	0	0	30	 United-States	<=50K.	<=50K.
5	34	 Private	198693	10th	6	 Never-married	 Other-service	 Not-in-family	 White	 Male	0	0	30	 United-States	<=50K.	<=50K.
6	29	 ?	227026	 HS-grad	9	 Never-married	 ?	 Unmarried	 Black	 Male	0	0	40	 United-States	<=50K.	<=50K.
7	63	 Self-emp-not-inc	104626	 Prof-school	15	 Married-civ-spouse	 Prof-specialty	 Husband	 White	 Male	3103	0	32	 United-States	>50K.	>50K.
8	24	 Private	369667	 Some-college	10	 Never-married	 Other-service	 Unmarried	 White	 Female	0	0	40	 United-States	<=50K.	<=50K.
9	55	 Private	104996	7th-8th	4	 Married-civ-spouse	 Craft-repair	 Husband	 White	 Male	0	0	10	 United-States	<=50K.	<=50K.
10	65	 Private	184454	 HS-grad	9	 Married-civ-spouse	 Machine-op-inspct	 Husband	 White	 Male	6418	0	40	 United-States	>50K.	>50K.
11	36	 Federal-gov	212465	 Bachelors	13	 Married-civ-spouse	 Adm-clerical	 Husband	 White	 Male	0	0	40	 United-States	<=50K.	<=50K.
12	26	 Private	82091	 HS-grad	9	 Never-married	 Adm-clerical	 Not-in-family	 White	 Female	0	0	39	 United-States	<=50K.	<=50K.
13	58	 ?	299831	 HS-grad	9	 Married-civ-spouse	 ?	 Husband	 White	 Male	0	0	35	 United-States	<=50K.	<=50K.
14	48	 Private	279724	 HS-grad	9	 Married-civ-spouse	 Machine-op-inspct	 Husband	 White	 Male	3103	0	48	 United-States	>50K.	>50K.
15	43	 Private	346189	 Masters	14	 Married-civ-spouse	 Exec-managerial	 Husband	 White	 Male	0	0	50	 United-States	>50K.	<=50K.
16	20	 State-gov	444554	 Some-college	10	 Never-married	 Other-service	 Own-child	 White	 Male	0	0	25	 United-States	<=50K.	<=50K.
17	43	 Private	128354	 HS-grad	9	 Married-civ-spouse	 Adm-clerical	 Wife	 White	 Female	0	0	30	 United-States	<=50K.	<=50K.
18	37	 Private	60548	 HS-grad	9	 Widowed	 Machine-op-inspct	 Unmarried	 White	 Female	0	0	20	 United-States	<=50K.	<=50K.
19	40	 Private	85019	 Doctorate	16	 Married-civ-spouse	 Prof-specialty	 Husband	 Asian-Pac-Islander	 Male	0	0	45	 ?	>50K.	>50K.
20	34	 Private	107914	 Bachelors	13	 Married-civ-spouse	 Tech-support	 Husband	 White	 Male	0	0	47	 United-States	>50K.	<=50K.
21	34	 Private	238588	 Some-college	10	 Never-married	 Other-service	 Own-child	 Black	 Female	0	0	35	 United-States	<=50K.	<=50K.
22	72	 ?	132015	7th-8th	4	 Divorced	 ?	 Not-in-family	 White	 Female	0	0	6	 United-States	<=50K.	<=50K.
23	25	 Private	220931	 Bachelors	13	 Never-married	 Prof-specialty	 Not-in-family	 White	 Male	0	0	43	 Peru	<=50K.	<=50K.
24	25	 Private	205947	 Bachelors	13	 Married-civ-spouse	 Prof-specialty	 Husband	 White	 Male	0	0	40	 United-States	<=50K.	<=50K.
25	45	 Self-emp-not-inc	432824	 HS-grad	9	 Married-civ-spouse	 Craft-repair	 Husband	 White	 Male	7298	0	90	 United-States	>50K.	>50K.
26	22	 Private	236427	 HS-grad	9	 Never-married	 Adm-clerical	 Own-child	 White	 Male	0	0	20	 United-States	<=50K.	<=50K.
27	23	 Private	134446	 HS-grad	9	 Separated	 Machine-op-inspct	 Unmarried	 Black	 Male	0	0	54	 United-States	<=50K.	<=50K.
28	54	 Private	99516	 HS-grad	9	 Married-civ-spouse	 Craft-repair	 Husband	 White	 Male	0	0	35	 United-States	<=50K.	<=50K.
29	32	 Self-emp-not-inc	109282	 Some-college	10	 Never-married	 Prof-specialty	 Not-in-family	 White	 Male	0	0	60	 United-States	<=50K.	<=50K.
30	46	 State-gov	106444	 Some-college	10	 Married-civ-spouse	 Exec-managerial	 Husband	 Black	 Male	7688	0	38	 United-States	>50K.	>50K.
31	56	 Self-emp-not-inc	186651	11th	7	 Widowed	 Other-service	 Unmarried	 White	 Female	0	0	50	 United-States	<=50K.	<=50K.
32	24	 Self-emp-not-inc	188274	 Bachelors	13	 Never-married	 Sales	 Not-in-family	 White	 Male	0	0	50	 United-States	<=50K.	<=50K.
33	23	 Local-gov	258120	 Some-college	10	 Married-civ-spouse	 Protective-serv	 Husband	 White	 Male	0	0	40	 United-States	<=50K.	<=50K.
34	26	 Private	43311	 HS-grad	9	 Divorced	 Exec-managerial	 Unmarried	 White	 Female	0	0	40	 United-States	<=50K.	<=50K.
35	65	 ?	191846	 HS-grad	9	 Married-civ-spouse	 ?	 Husband	 White	 Male	0	0	40	 United-States	<=50K.	<=50K.
36	36	 Local-gov	403681	 Bachelors	13	 Married-civ-spouse	 Prof-specialty	 Husband	 White	 Male	0	0	40	 United-States	>50K.	<=50K.
37	22	 Private	248446	5th-6th	3	 Never-married	 Priv-house-serv	 Not-in-family	 White	 Male	0	0	50	 Guatemala	<=50K.	<=50K.
38	17	 Private	269430	10th	6	 Never-married	 Machine-op-inspct	 Not-in-family	 White	 Male	0	0	40	 United-States	<=50K.	<=50K.
39	20	 Private	257509	 HS-grad	9	 Never-married	 Craft-repair	 Own-child	 White	 Male	0	0	40	 United-States	<=50K.	<=50K.
40	65	 Private	136384	 Masters	14	 Married-civ-spouse	 Prof-specialty	 Husband	 White	 Male	0	0	50	 United-States	>50K.	<=50K.
41	44	 Self-emp-inc	120277	 Assoc-voc	11	 Married-civ-spouse	 Sales	 Husband	 White	 Male	0	0	45	 United-States	>50K.	<=50K.
42	36	 Private	465326	 HS-grad	9	 Married-civ-spouse	 Farming-fishing	 Husband	 White	 Male	0	0	40	 United-States	<=50K.	<=50K.
43	29	 Private	103634	11th	7	 Married-civ-spouse	 Other-service	 Husband	 White	 Male	0	0	40	 United-States	<=50K.	<=50K.
44	20	 State-gov	138371	 Some-college	10	 Never-married	 Farming-fishing	 Own-child	 White	 Male	0	0	32	 United-States	<=50K.	<=50K.
45	28	 Private	242832	 Assoc-voc	11	 Married-civ-spouse	 Prof-specialty	 Wife	 White	 Female	0	0	36	 United-States	>50K.	<=50K.
46	39	 Private	290208	7th-8th	4	 Married-civ-spouse	 Craft-repair	 Husband	 White	 Male	0	0	40	 Mexico	<=50K.	<=50K.
47	54	 Private	186272	 Some-college	10	 Married-civ-spouse	 Transport-moving	 Husband	 White	 Male	3908	0	50	 United-States	<=50K.	>50K.
48	52	 Private	201062	11th	7	 Separated	 Priv-house-serv	 Not-in-family	 Black	 Female	0	0	18	 United-States	<=50K.	<=50K.
49	56	 Self-emp-inc	131916	 HS-grad	9	 Widowed	 Exec-managerial	 Not-in-family	 White	 Female	0	0	50	 United-States	<=50K.	<=50K.
50	18	 Private	54440	 Some-college	10	 Never-married	 Other-service	 Own-child	 White	 Male	0	0	20	 United-States	<=50K.	<=50K.
51	39	 Private	280215	 HS-grad	9	 Divorced	 Handlers-cleaners	 Own-child	 Black	 Male	0	0	40	 United-States	<=50K.	<=50K.
52	21	 Private	214399	 Some-college	10	 Never-married	 Other-service	 Own-child	 White	 Female	0	1721	24	 United-States	<=50K.	<=50K.
53	22	 Private	54164	 HS-grad	9	 Never-married	 Other-service	 Not-in-family	 White	 Male	14084	0	60	 United-States	>50K.	>50K.
54	38	 Private	219446	9th	5	 Married-spouse-absent	 Exec-managerial	 Not-in-family	 White	 Male	0	0	54	 Mexico	<=50K.	<=50K.
55	21	 Private	110677	 Some-college	10	 Never-married	 Adm-clerical	 Own-child	 White	 Female	0	0	40	 United-States	<=50K.	<=50K.
56	63	 Private	145985	 HS-grad	9	 Married-civ-spouse	 Craft-repair	 Husband	 White	 Male	0	0	40	 United-States	<=50K.	<=50K.
57	34	 Local-gov	382078	 Bachelors	13	 Married-civ-spouse	 Exec-managerial	 Husband	 White	 Male	3103	0	50	 United-States	>50K.	>50K.
58	42	 Self-emp-inc	170721	 HS-grad	9	 Married-civ-spouse	 Exec-managerial	 Husband	 White	 Male	5178	0	50	 United-States	>50K.	>50K.
59	33	 Private	269705	 HS-grad	9	 Married-civ-spouse	 Handlers-cleaners	 Husband	 White	 Male	0	0	40	 United-States	<=50K.	<=50K.
60	30	 Private	101135	 Bachelors	13	 Never-married	 Exec-managerial	 Not-in-family	 White	 Female	0	0	50	 United-States	<=50K.	<=50K.
61	39	 Private	118429	 Some-college	10	 Divorced	 Sales	 Not-in-family	 White	 Male	0	0	40	 United-States	<=50K.	<=50K.
62	26	 Private	31208	 Masters	14	 Never-married	 Exec-managerial	 Not-in-family	 White	 Female	0	0	40	 United-States	<=50K.	<=50K.
63	33	 Private	281384	 HS-grad	9	 Never-married	 Machine-op-inspct	 Own-child	 White	 Female	0	0	40	 United-States	<=50K.	<=50K.
64	47	 Local-gov	171807	 HS-grad	9	 Divorced	 Adm-clerical	 Not-in-family	 White	 Female	0	0	40	 United-States	<=50K.	<=50K.
65	41	 Private	109912	 Bachelors	13	 Never-married	 Other-service	 Not-in-family	 White	 Female	0	0	40	 ?	<=50K.	<=50K.
66	41	 Self-emp-inc	445382	 Assoc-acdm	12	 Married-civ-spouse	 Craft-repair	 Husband	 White	 Male	15024	0	60	 United-States	>50K.	>50K.
67	19	 Private	105460	 Some-college	10	 Never-married	 Other-service	 Own-child	 White	 Male	0	0	20	 United-States	<=50K.	<=50K.
68	46	 Private	170338	 HS-grad	9	 Separated	 Transport-moving	 Not-in-family	 White	 Male	0	0	40	 United-States	<=50K.	<=50K.
69	43	 Private	102606	 HS-grad	9	 Married-civ-spouse	 Sales	 Husband	 White	 Male	0	0	48	 United-States	<=50K.	<=50K.
70	55	 Private	323887	 Some-college	10	 Married-civ-spouse	 Exec-managerial	 Husband	 White	 Male	15024	0	45	 United-States	>50K.	>50K.
71	46	 Private	175622	 Assoc-voc	11	 Married-civ-spouse	 Tech-support	 Husband	 White	 Male	0	0	40	 United-States	<=50K.	<=50K.
72	30	 Private	229636	 HS-grad	9	 Married-civ-spouse	 Machine-op-inspct	 Husband	 White	 Male	0	0	40	 Mexico	<=50K.	<=50K.
73	21	 Private	388946	 Some-college	10	 Separated	 Handlers-cleaners	 Not-in-family	 White	 Female	0	0	40	 United-States	<=50K.	<=50K.
74	46	 Private	269034	 Some-college	10	 Married-civ-spouse	 Craft-repair	 Husband	 Other	 Male	0	0	40	 Dominican-Republic	<=50K.	<=50K.
75	17	 ?	165361	10th	6	 Never-married	 ?	 Own-child	 White	 Male	0	0	40	 United-States	<=50K.	<=50K.
76	41	 Private	75012	 HS-grad	9	 Married-civ-spouse	 Machine-op-inspct	 Husband	 White	 Male	0	0	50	 United-States	<=50K.	<=50K.
77	69	 Self-emp-inc	174379	 HS-grad	9	 Married-civ-spouse	 Sales	 Husband	 White	 Male	0	0	30	 United-States	<=50K.	<=50K.
78	50	 Private	312477	 HS-grad	9	 Married-civ-spouse	 Transport-moving	 Husband	 White	 Male	0	0	40	 United-States	<=50K.	<=50K.
79	20	 Private	72055	 Some-college	10	 Never-married	 Adm-clerical	 Not-in-family	 White	 Female	0	0	40	 United-States	<=50K.	<=50K.
80	45	 Self-emp-inc	67001	 Some-college	10	 Married-civ-spouse	 Machine-op-inspct	 Husband	 White	 Male	0	0	50	 United-States	<=50K.	<=50K.
81	23	 Private	213734	 Bachelors	13	 Never-married	 Exec-managerial	 Not-in-family	 White	 Male	0	0	40	 United-States	<=50K.	<=50K.
82	24	 Private	83141	 Some-college	10	 Separated	 Other-service	 Not-in-family	 White	 Male	0	1876	40	 United-States	<=50K.	>50K.
83	44	 Self-emp-inc	223881	 HS-grad	9	 Married-civ-spouse	 Craft-repair	 Husband	 White	 Male	99999	0	50	 ?	>50K.	>50K.
84	31	 Self-emp-not-inc	113752	 Some-college	10	 Married-civ-spouse	 Craft-repair	 Husband	 White	 Male	0	0	50	 United-States	<=50K.	<=50K.
85	43	 Private	170482	 HS-grad	9	 Separated	 Machine-op-inspct	 Not-in-family	 White	 Female	0	0	44	 United-States	<=50K.	<=50K.
86	20	 Federal-gov	244689	11th	7	 Never-married	 Other-service	 Own-child	 White	 Female	0	0	10	 United-States	<=50K.	<=50K.
87	55	 Private	160631	 HS-grad	9	 Married-civ-spouse	 Sales	 Husband	 White	 Male	0	0	56	 United-States	>50K.	<=50K.
88	24	 Federal-gov	228724	 Some-college	10	 Never-married	 Armed-Forces	 Not-in-family	 White	 Male	0	0	40	 United-States	<=50K.	<=50K.
89	41	 ?	38434	 Masters	14	 Married-civ-spouse	 ?	 Wife	 White	 Female	7688	0	10	 United-States	>50K.	>50K.
90	59	 Private	292946	 Bachelors	13	 Never-married	 Exec-managerial	 Not-in-family	 White	 Female	0	0	25	 United-States	<=50K.	<=50K.
91	49	 Federal-gov	77443	7th-8th	4	 Never-married	 Other-service	 Not-in-family	 Black	 Male	0	0	20	 United-States	<=50K.	<=50K.
92	33	 Private	176410	 Masters	14	 Married-civ-spouse	 Prof-specialty	 Wife	 White	 Female	5178	0	10	 United-States	>50K.	>50K.
93	59	 Federal-gov	98984	 Bachelors	13	 Divorced	 Adm-clerical	 Not-in-family	 White	 Male	0	0	40	 United-States	<=50K.	<=50K.
94	34	 Private	198751	 Masters	14	 Never-married	 Other-service	 Not-in-family	 Amer-Indian-Eskimo	 Male	0	0	40	 United-States	<=50K.	<=50K.
95	20	 Private	479296	 HS-grad	9	 Never-married	 Handlers-cleaners	 Own-child	 White	 Male	0	0	40	 United-States	<=50K.	<=50K.
96	25	 Private	235218	 Bachelors	13	 Never-married	 Exec-managerial	 Own-child	 White	 Female	0	0	40	 United-States	<=50K.	<=50K.
97	49	 Private	164877	10th	6	 Married-civ-spouse	 Farming-fishing	 Husband	 White	 Male	0	0	40	 United-States	<=50K.	<=50K.
98	59	 Private	272087	 HS-grad	9	 Married-civ-spouse	 Transport-moving	 Husband	 White	 Male	0	0	40	 United-States	>50K.	<=50K.
99	20	 Private	169699	 HS-grad	9	 Never-married	 Adm-clerical	 Not-in-family	 White	 Female	0	0	40	 United-States	<=50K.	<=50K.
100	51	 ?	189762	 Some-college	10	 Married-civ-spouse	 ?	 Wife	 White	 Female	0	0	18	 United-States	<=50K.	<=50K.
101	33	 Private	202191	 Some-college	10	 Never-married	 Adm-clerical	 Unmarried	 Black	 Female	0	0	35	 United-States	<=50K.	<=50K.
102	22	 Private	212261	 Some-college	10	 Never-married	 Transport-moving	 Own-child	 Black	 Male	0	0	39	 United-States	<=50K.	<=50K.
103	58	 Self-emp-not-inc	301568	9th	5	 Widowed	 Other-service	 Not-in-family	 White	 Female	0	0	40	 United-States	<=50K.	<=50K.
104	52	 Local-gov	155233	 HS-grad	9	 Widowed	 Adm-clerical	 Unmarried	 White	 Female	0	0	28	 United-States	<=50K.	<=50K.
105	36	 Private	75826	10th	6	 Separated	 Machine-op-inspct	 Not-in-family	 White	 Female	0	0	40	 United-States	<=50K.	<=50K.
106	41	 Local-gov	201520	 HS-grad	9	 Married-civ-spouse	 Protective-serv	 Husband	 White	 Male	0	0	40	 United-States	<=50K.	<=50K.
107	28	 Private	154236	 HS-grad	9	 Never-married	 Transport-moving	 Own-child	 White	 Male	2597	0	40	 United-States	<=50K.	<=50K.
108	19	 Private	289227	 Some-college	10	 Never-married	 Handlers-cleaners	 Own-child	 Black	 Male	0	0	16	 United-States	<=50K.	<=50K.
109	18	 Private	217439	 HS-grad	9	 Never-married	 Other-service	 Not-in-family	 White	 Female	0	0	28	 United-States	<=50K.	<=50K.
110	18	 Private	179020	 HS-grad	9	 Never-married	 Machine-op-inspct	 Own-child	 White	 Female	0	0	48	 United-States	<=50K.	<=50K.
111	28	 Private	149624	 Some-college	10	 Married-civ-spouse	 Craft-repair	 Husband	 White	 Male	0	0	40	 United-States	<=50K.	<=50K.
112	29	 Private	337266	 Assoc-voc	11	 Married-civ-spouse	 Exec-managerial	 Husband	 White	 Male	0	0	40	 United-States	>50K.	<=50K.
113	20	 ?	30796	 HS-grad	9	 Never-married	 ?	 Own-child	 White	 Female	0	0	20	 United-States	<=50K.	<=50K.
114	40	 Private	103541	 Some-college	10	 Married-civ-spouse	 Handlers-cleaners	 Husband	 White	 Male	0	0	40	 United-States	<=50K.	<=50K.
115	26	 Private	206721	 HS-grad	9	 Never-married	 Handlers-cleaners	 Unmarried	 White	 Male	0	0	40	 United-States	<=50K.	<=50K.
116	46	 Private	96773	 HS-grad	9	 Married-civ-spouse	 Craft-repair	 Husband	 White	 Male	0	0	40	 United-States	<=50K.	<=50K.
117	23	 Private	200967	11th	7	 Never-married	 Other-service	 Not-in-family	 White	 Female	0	0	24	 United-States	<=50K.	<=50K.
118	44	 Private	180019	 HS-grad	9	 Married-spouse-absent	 Adm-clerical	 Unmarried	 White	 Female	0	0	40	 United-States	<=50K.	<=50K.
119	43	 Private	179866	 Bachelors	13	 Divorced	 Sales	 Unmarried	 White	 Female	0	0	40	 United-States	>50K.	<=50K.
120	31	 Local-gov	198770	 Bachelors	13	 Divorced	 Prof-specialty	 Unmarried	 White	 Female	0	0	60	 United-States	<=50K.	<=50K.
121	18	 Private	219256	 Some-college	10	 Never-married	 Sales	 Own-child	 White	 Female	0	0	25	 United-States	<=50K.	<=50K.
122	19	 Private	248730	 Some-college	10	 Never-married	 Protective-serv	 Own-child	 White	 Male	0	0	30	 United-States	<=50K.	<=50K.
123	41	 Private	110732	 Some-college	10	 Divorced	 Tech-support	 Not-in-family	 White	 Female	0	0	40	 United-States	<=50K.	<=50K.
124	41	 Private	181020	 HS-grad	9	 Divorced	 Handlers-cleaners	 Unmarried	 White	 Female	0	0	40	 United-States	<=50K.	<=50K.
125	69	 Private	183791	 HS-grad	9	 Divorced	 Adm-clerical	 Not-in-family	 White	 Female	0	0	25	 United-States	<=50K.	<=50K.
126	48	 Federal-gov	42972	 Doctorate	16	 Married-civ-spouse	 Prof-specialty	 Wife	 White	 Female	0	0	40	 United-States	>50K.	>50K.
127	28	 Private	134813	 HS-grad	9	 Never-married	 Prof-specialty	 Own-child	 White	 Male	0	0	40	 United-States	<=50K.	<=50K.
128	27	 Self-emp-not-inc	115438	 HS-grad	9	 Married-civ-spouse	 Craft-repair	 Husband	 White	 Male	0	0	60	 Ireland	>50K.	>50K.
129	41	 Private	239296	 Masters	14	 Married-civ-spouse	 Prof-specialty	 Husband	 White	 Male	0	2415	50	 United-States	>50K.	>50K.
130	41	 Private	428420	 Some-college	10	 Married-civ-spouse	 Adm-clerical	 Husband	 White	 Male	0	0	40	 United-States	<=50K.	<=50K.
131	24	 Private	247846	 HS-grad	9	 Never-married	 Craft-repair	 Unmarried	 Black	 Female	0	0	40	 United-States	<=50K.	<=50K.
132	20	 ?	334105	 HS-grad	9	 Never-married	 ?	 Not-in-family	 White	 Female	0	0	40	 United-States	<=50K.	<=50K.
133	42	 Self-emp-inc	100793	 Doctorate	16	 Married-civ-spouse	 Prof-specialty	 Husband	 White	 Male	0	0	41	 United-States	>50K.	>50K.
134	57	 Private	244478	 HS-grad	9	 Married-civ-spouse	 Craft-repair	 Husband	 Black	 Male	0	0	48	 United-States	<=50K.	<=50K.
135	30	 Private	142921	 Assoc-acdm	12	 Never-married	 Prof-specialty	 Not-in-family	 White	 Female	0	0	40	 United-States	<=50K.	<=50K.
136	36	 Private	182863	 HS-grad	9	 Married-civ-spouse	 Sales	 Husband	 White	 Male	0	0	60	 United-States	>50K.	<=50K.
137	49	 Private	171128	7th-8th	4	 Married-civ-spouse	 Machine-op-inspct	 Husband	 Black	 Male	0	0	40	 United-States	<=50K.	<=50K.
138	33	 Private	145402	 HS-grad	9	 Married-civ-spouse	 Machine-op-inspct	 Wife	 White	 Female	0	0	35	 United-States	<=50K.	<=50K.
139	23	 Private	306309	10th	6	 Married-civ-spouse	 Farming-fishing	 Husband	 White	 Male	0	0	40	 United-States	<=50K.	<=50K.
140	46	 Private	83822	 Masters	14	 Married-civ-spouse	 Prof-specialty	 Husband	 White	 Male	0	0	40	 United-States	<=50K.	<=50K.
141	18	 Private	262118	 Some-college	10	 Never-married	 Adm-clerical	 Own-child	 Asian-Pac-Islander	 Female	0	0	22	 Germany	<=50K.	<=50K.
142	40	 Private	155972	 HS-grad	9	 Married-civ-spouse	 Exec-managerial	 Husband	 White	 Male	7688	0	55	 United-States	>50K.	>50K.
143	43	 Self-emp-inc	214503	 HS-grad	9	 Married-civ-spouse	 Exec-managerial	 Husband	 White	 Male	0	1887	45	 United-States	>50K.	>50K.
144	34	 Private	159303	 Masters	14	 Never-married	 Prof-specialty	 Own-child	 White	 Female	0	0	30	 United-States	<=50K.	<=50K.
145	47	 Self-emp-not-inc	174995	 HS-grad	9	 Widowed	 Exec-managerial	 Not-in-family	 White	 Female	0	0	30	 United-States	<=50K.	<=50K.
146	44	 Private	26669	 Assoc-voc	11	 Widowed	 Exec-managerial	 Unmarried	 White	 Female	0	0	30	 United-States	<=50K.	<=50K.
147	33	 Private	177727	 HS-grad	9	 Married-civ-spouse	 Sales	 Husband	 White	 Male	0	0	40	 United-States	>50K.	<=50K.
148	55	 Private	124771	 Bachelors	13	 Married-civ-spouse	 Exec-managerial	 Husband	 White	 Male	15024	0	50	 United-States	>50K.	>50K.
149	19	 Private	456736	 HS-grad	9	 Never-married	 Sales	 Not-in-family	 White	 Male	2907	0	30	 United-States	<=50K.	<=50K.
150	28	 Private	216604	 Some-college	10	 Never-married	 Other-service	 Not-in-family	 Black	 Male	0	0	14	 United-States	<=50K.	<=50K.
151	27	 Private	221561	11th	7	 Married-civ-spouse	 Other-service	 Wife	 Black	 Female	0	0	32	 United-States	<=50K.	<=50K.
152	50	 Private	114564	7th-8th	4	 Married-civ-spouse	 Machine-op-inspct	 Husband	 White	 Male	0	0	20	 United-States	<=50K.	<=50K.
153	22	 Private	315476	11th	7	 Never-married	 Craft-repair	 Unmarried	 White	 Male	0	0	40	 United-States	<=50K.	<=50K.
154	40	 State-gov	67874	 Bachelors	13	 Married-civ-spouse	 Adm-clerical	 Husband	 White	 Male	0	1887	45	 United-States	>50K.	>50K.
155	25	 Private	126110	 Some-college	10	 Never-married	 Adm-clerical	 Own-child	 White	 Female	0	0	40	 United-States	<=50K.	<=50K.
156	26	 Local-gov	102264	 HS-grad	9	 Never-married	 Craft-repair	 Not-in-family	 White	 Male	0	0	40	 United-States	<=50K.	<=50K.
157	22	 Private	537222	 Bachelors	13	 Never-married	 Sales	 Not-in-family	 White	 Male	0	0	25	 United-States	<=50K.	<=50K.
158	42	 Private	113732	 Some-college	10	 Never-married	 Handlers-cleaners	 Unmarried	 Black	 Female	0	625	40	 United-States	<=50K.	<=50K.
159	38	 Self-emp-inc	93225	 Bachelors	13	 Divorced	 Exec-managerial	 Not-in-family	 White	 Male	0	0	40	 United-States	<=50K.	<=50K.
160	55	 Private	43064	11th	7	 Married-civ-spouse	 Other-service	 Husband	 White	 Male	0	0	30	 United-States	<=50K.	<=50K.
161	32	 Private	136921	 HS-grad	9	 Married-civ-spouse	 Sales	 Husband	 White	 Male	0	0	40	 United-States	<=50K.	<=50K.
162	22	 Private	388885	 HS-grad	9	 Married-civ-spouse	 Craft-repair	 Husband	 White	 Male	0	0	45	 United-States	<=50K.	<=50K.
163	29	 Private	142249	 Bachelors	13	 Never-married	 Sales	 Own-child	 White	 Male	0	0	40	 United-States	<=50K.	<=50K.
164	46	 State-gov	56841	 Masters	14	 Married-civ-spouse	 Exec-managerial	 Husband	 White	 Male	0	0	45	 United-States	>50K.	<=50K.
165	31	 Private	156493	 Some-college	10	 Married-civ-spouse	 Exec-managerial	 Husband	 White	 Male	0	0	40	 United-States	>50K.	<=50K.
166	58	 Self-emp-not-inc	159021	 Doctorate	16	 Married-civ-spouse	 Prof-specialty	 Husband	 White	 Male	0	0	16	 United-States	>50K.	>50K.
167	42	 Private	190910	 HS-grad	9	 Married-civ-spouse	 Craft-repair	 Husband	 White	 Male	0	0	45	 United-States	<=50K.	<=50K.
168	18	 Private	41879	 HS-grad	9	 Never-married	 Handlers-cleaners	 Unmarried	 White	 Male	0	0	25	 United-States	<=50K.	<=50K.
169	58	 Local-gov	137249	 HS-grad	9	 Divorced	 Exec-managerial	 Not-in-family	 White	 Male	0	0	33	 United-States	<=50K.	<=50K.
170	54	 Private	236157	 HS-grad	9	 Married-civ-spouse	 Prof-specialty	 Husband	 White	 Male	0	1887	40	 United-States	>50K.	>50K.
171	34	 Private	189759	 Masters	14	 Never-married	 Prof-specialty	 Not-in-family	 White	 Male	0	0	40	 United-States	<=50K.	<=50K.
172	26	 Private	239877	 Bachelors	13	 Never-married	 Adm-clerical	 Not-in-family	 White	 Female	0	0	40	 United-States	<=50K.	<=50K.
173	61	 Private	21175	12th	8	 Married-civ-spouse	 Exec-managerial	 Husband	 White	 Male	0	0	60	 United-States	<=50K.	<=50K.
174	48	 Local-gov	67229	 Masters	14	 Separated	 Adm-clerical	 Unmarried	 Black	 Female	0	0	40	 United-States	<=50K.	<=50K.
175	36	 Private	236391	 Some-college	10	 Married-civ-spouse	 Exec-managerial	 Husband	 White	 Male	0	0	45	 United-States	>50K.	<=50K.
176	24	 Private	325596	 Assoc-voc	11	 Married-civ-spouse	 Machine-op-inspct	 Husband	 White	 Male	0	0	45	 United-States	<=50K.	<=50K.
177	40	 Private	83411	 Some-college	10	 Married-civ-spouse	 Machine-op-inspct	 Husband	 White	 Male	0	0	37	 United-States	<=50K.	<=50K.
178	33	 Self-emp-inc	154227	 HS-grad	9	 Married-civ-spouse	 Sales	 Husband	 White	 Male	0	0	50	 United-States	>50K.	<=50K.
179	37	 Private	248010	 Some-college	10	 Married-civ-spouse	 Machine-op-inspct	 Husband	 White	 Male	0	1887	40	 United-States	>50K.	>50K.
180	34	 Private	198613	 Masters	14	 Never-married	 Exec-managerial	 Own-child	 White	 Male	4650	0	40	 United-States	<=50K.	>50K.
181	56	 Self-emp-inc	321529	 Some-college	10	 Married-civ-spouse	 Exec-managerial	 Husband	 White	 Male	15024	0	40	 United-States	>50K.	>50K.
182	28	 ?	168524	 HS-grad	9	 Married-civ-spouse	 ?	 Own-child	 White	 Female	0	0	38	 United-States	>50K.	<=50K.
183	37	 Private	203079	 Bachelors	13	 Widowed	 Exec-managerial	 Not-in-family	 White	 Female	0	0	55	 United-States	<=50K.	<=50K.
184	44	 Private	284652	 HS-grad	9	 Divorced	 Sales	 Unmarried	 Black	 Female	0	0	40	 United-States	<=50K.	<=50K.
185	64	 ?	201368	 Some-college	10	 Married-civ-spouse	 ?	 Husband	 White	 Male	0	0	8	 United-States	<=50K.	<=50K.
186	54	 Private	59840	 HS-grad	9	 Divorced	 Handlers-cleaners	 Not-in-family	 White	 Male	0	0	45	 United-States	<=50K.	<=50K.
187	23	 Private	52753	 HS-grad	9	 Never-married	 Machine-op-inspct	 Not-in-family	 White	 Male	0	0	50	 United-States	<=50K.	<=50K.
188	34	 State-gov	513100	 Bachelors	13	 Married-spouse-absent	 Farming-fishing	 Not-in-family	 Black	 Male	0	0	40	 ?	<=50K.	<=50K.
189	22	 Private	199266	 HS-grad	9	 Never-married	 Other-service	 Not-in-family	 White	 Female	0	0	45	 United-States	<=50K.	<=50K.
190	33	 Private	196385	 Bachelors	13	 Married-civ-spouse	 Exec-managerial	 Husband	 White	 Male	0	1977	40	 United-States	>50K.	>50K.
191	39	 Private	163205	 Bachelors	13	 Separated	 Prof-specialty	 Not-in-family	 White	 Male	0	0	50	 United-States	>50K.	<=50K.
192	47	 Private	411047	 Some-college	10	 Divorced	 Adm-clerical	 Not-in-family	 Black	 Female	0	0	37	 United-States	<=50K.	<=50K.
193	79	 ?	48574	7th-8th	4	 Widowed	 ?	 Not-in-family	 White	 Male	0	0	40	 United-States	<=50K.	<=50K.
194	26	 Private	209440	 HS-grad	9	 Never-married	 Prof-specialty	 Unmarried	 Black	 Female	0	0	55	 United-States	<=50K.	<=50K.
195	31	 Private	56964	 Some-college	10	 Divorced	 Exec-managerial	 Unmarried	 White	 Female	0	0	40	 United-States	<=50K.	<=50K.
196	44	 Private	299197	 Some-college	10	 Never-married	 Transport-moving	 Not-in-family	 White	 Male	0	0	45	 United-States	<=50K.	<=50K.
197	42	 Self-emp-inc	240628	 Prof-school	15	 Married-civ-spouse	 Prof-specialty	 Wife	 White	 Female	0	0	50	 United-States	>50K.	>50K.
198	19	 Private	355313	 HS-grad	9	 Never-married	 Machine-op-inspct	 Not-in-family	 White	 Female	0	0	40	 United-States	<=50K.	<=50K.
199	27	 Private	132267	 HS-grad	9	 Married-civ-spouse	 Handlers-cleaners	 Husband	 White	 Male	0	0	40	 United-States	>50K.	<=50K.
200	51	 Local-gov	174861	 Some-college	10	 Married-civ-spouse	 Protective-serv	 Husband	 White	 Male	0	0	40	 United-States	>50K.	<=50K.
201	28	 Self-emp-inc	142443	 Bachelors	13	 Married-civ-spouse	 Exec-managerial	 Husband	 White	 Male	0	0	50	 United-States	<=50K.	<=50K.
202	57	 Private	26716	 Bachelors	13	 Divorced	 Craft-repair	 Not-in-family	 White	 Male	0	0	45	 United-States	<=50K.	<=50K.
203	45	 Local-gov	185588	 Bachelors	13	 Divorced	 Prof-specialty	 Unmarried	 White	 Female	0	0	40	 United-States	<=50K.	<=50K.
204	50	 Private	175029	 Assoc-voc	11	 Married-civ-spouse	 Prof-specialty	 Husband	 White	 Male	0	0	40	 United-States	>50K.	<=50K.
205	34	 Self-emp-inc	34848	 Bachelors	13	 Married-civ-spouse	 Sales	 Husband	 White	 Male	0	0	54	 United-States	<=50K.	<=50K.
206	45	 Private	411273	7th-8th	4	 Married-civ-spouse	 Craft-repair	 Husband	 Black	 Male	0	0	40	 United-States	<=50K.	<=50K.
207	73	 Local-gov	143437	 HS-grad	9	 Married-civ-spouse	 Exec-managerial	 Husband	 White	 Male	0	0	20	 United-States	<=50K.	<=50K.
208	34	 Private	357145	 Bachelors	13	 Married-civ-spouse	 Prof-specialty	 Wife	 White	 Female	0	0	50	 United-States	>50K.	<=50K.
209	31	 Private	236861	 Some-college	10	 Married-civ-spouse	 Sales	 Husband	 White	 Male	0	0	55	 United-States	>50K.	<=50K.
210	19	 Private	53355	11th	7	 Never-married	 Sales	 Not-in-family	 White	 Male	0	0	12	 United-States	<=50K.	<=50K.
211	25	 Private	29106	 Some-college	10	 Never-married	 Other-service	 Own-child	 White	 Female	0	0	50	 United-States	<=50K.	<=50K.
212	38	 Federal-gov	213274	 Assoc-voc	11	 Divorced	 Craft-repair	 Unmarried	 White	 Female	6497	0	40	 United-States	<=50K.	>50K.
213	39	 Private	22463	 Bachelors	13	 Married-civ-spouse	 Transport-moving	 Husband	 White	 Male	0	0	40	 United-States	<=50K.	<=50K.
214	23	 Private	180497	 Bachelors	13	 Never-married	 Tech-support	 Own-child	 Black	 Female	0	0	32	 United-States	<=50K.	<=50K.
215	49	 Private	37306	 HS-grad	9	 Married-civ-spouse	 Machine-op-inspct	 Husband	 White	 Male	0	0	40	 United-States	<=50K.	<=50K.
216	33	 Federal-gov	137814	 HS-grad	9	 Never-married	 Other-service	 Not-in-family	 White	 Male	0	0	32	 United-States	<=50K.	<=50K.
217	21	 Private	447488	5th-6th	3	 Never-married	 Machine-op-inspct	 Other-relative	 White	 Male	0	0	38	 Mexico	<=50K.	<=50K.
218	31	 Private	220915	 Assoc-voc	11	 Separated	 Craft-repair	 Not-in-family	 White	 Male	0	0	40	 United-States	<=50K.	<=50K.
219	23	 Private	42251	 Bachelors	13	 Never-married	 Exec-managerial	 Not-in-family	 White	 Female	0	0	45	 United-States	<=50K.	<=50K.
220	34	 Private	162312	 Bachelors	13	 Married-civ-spouse	 Adm-clerical	 Husband	 Asian-Pac-Islander	 Male	0	0	40	 Philippines	<=50K.	<=50K.
221	25	 Private	77698	 HS-grad	9	 Never-married	 Machine-op-inspct	 Not-in-family	 Asian-Pac-Islander	 Female	0	0	40	 Philippines	<=50K.	<=50K.
222	39	 Private	282951	 HS-grad	9	 Never-married	 Craft-repair	 Unmarried	 White	 Male	0	0	40	 United-States	<=50K.	<=50K.
223	52	 Self-emp-inc	311259	 HS-grad	9	 Married-civ-spouse	 Sales	 Husband	 White	 Male	0	0	40	 United-States	>50K.	<=50K.
224	63	 Local-gov	65479	9th	5	 Married-civ-spouse	 Transport-moving	 Husband	 White	 Male	7688	0	40	 United-States	>50K.	>50K.
225	41	 Private	277256	 Some-college	10	 Married-civ-spouse	 Craft-repair	 Husband	 White	 Male	0	0	40	 United-States	<=50K.	<=50K.
226	46	 Private	312088	 Bachelors	13	 Married-civ-spouse	 Prof-specialty	 Husband	 White	 Male	15024	0	38	 United-States	>50K.	>50K.
227	53	 Local-gov	169719	 HS-grad	9	 Married-civ-spouse	 Exec-managerial	 Husband	 White	 Male	0	0	40	 United-States	<=50K.	<=50K.
228	25	 ?	270276	9th	5	 Separated	 ?	 Not-in-family	 White	 Female	1055	0	40	 United-States	<=50K.	<=50K.
229	77	 ?	172744	 Some-college	10	 Married-civ-spouse	 ?	 Husband	 White	 Male	0	0	35	 United-States	<=50K.	<=50K.
230	18	 Private	96869	12th	8	 Never-married	 Priv-house-serv	 Own-child	 White	 Male	0	0	40	 United-States	<=50K.	<=50K.
231	38	 Private	237943	 Prof-school	15	 Married-civ-spouse	 Prof-specialty	 Husband	 White	 Male	0	0	50	 United-States	<=50K.	>50K.
232	55	 Private	119751	 Masters	14	 Never-married	 Exec-managerial	 Unmarried	 Asian-Pac-Islander	 Female	0	0	50	 Thailand	<=50K.	<=50K.
233	34	 Private	236861	 HS-grad	9	 Married-civ-spouse	 Tech-support	 Husband	 White	 Male	0	0	40	 United-States	>50K.	<=50K.
234	80	 Self-emp-not-inc	201092	 HS-grad	9	 Married-civ-spouse	 Other-service	 Husband	 White	 Male	0	0	30	 United-States	<=50K.	<=50K.
235	34	 Private	147215	 Assoc-voc	11	 Divorced	 Tech-support	 Unmarried	 White	 Female	0	0	60	 United-States	<=50K.	<=50K.
236	52	 Private	152373	 Some-college	10	 Married-civ-spouse	 Tech-support	 Husband	 White	 Male	5013	0	40	 United-States	<=50K.	>50K.
237	42	 Private	227968	 HS-grad	9	 Never-married	 Other-service	 Unmarried	 Black	 Female	0	0	28	 Haiti	<=50K.	<=50K.
238	26	 Private	362617	 Some-college	10	 Never-married	 Sales	 Not-in-family	 White	 Female	0	0	40	 United-States	<=50K.	<=50K.
239	31	 Private	103435	 HS-grad	9	 Married-civ-spouse	 Transport-moving	 Husband	 White	 Male	0	0	40	 United-States	<=50K.	<=50K.
240	25	 Local-gov	281412	 HS-grad	9	 Never-married	 Other-service	 Own-child	 White	 Female	0	0	35	 United-States	<=50K.	<=50K.
241	55	 Self-emp-not-inc	105239	 HS-grad	9	 Married-civ-spouse	 Craft-repair	 Husband	 White	 Male	0	2057	60	 United-States	<=50K.	>50K.
242	19	 Private	230165	 Some-college	10	 Never-married	 Other-service	 Own-child	 White	 Female	0	0	12	 United-States	<=50K.	<=50K.
243	62	 Self-emp-not-inc	177493	 Some-college	10	 Married-civ-spouse	 Transport-moving	 Husband	 White	 Male	0	0	32	 United-States	<=50K.	<=50K.
244	22	 Federal-gov	104443	 Some-college	10	 Never-married	 Adm-clerical	 Own-child	 White	 Female	0	0	20	 United-States	<=50K.	<=50K.
245	39	 ?	110342	 HS-grad	9	 Married-civ-spouse	 ?	 Wife	 White	 Female	0	0	50	 United-States	<=50K.	<=50K.
246	35	 Private	143385	 HS-grad	9	 Married-civ-spouse	 Handlers-cleaners	 Husband	 White	 Male	0	0	40	 United-States	<=50K.	<=50K.
247	28	 Private	107189	 HS-grad	9	 Married-civ-spouse	 Sales	 Own-child	 White	 Female	0	0	40	 United-States	<=50K.	<=50K.
248	47	 Private	212944	 HS-grad	9	 Married-civ-spouse	 Transport-moving	 Husband	 White	 Male	0	0	70	 United-States	>50K.	<=50K.
249	44	 State-gov	138634	 HS-grad	9	 Married-civ-spouse	 Machine-op-inspct	 Husband	 White	 Male	0	0	40	 United-States	<=50K.	<=50K.
250	21	 Private	99970	 Some-college	10	 Never-married	 Sales	 Own-child	 White	 Male	0	0	15	 United-States	<=50K.	<=50K.
251	35	 Private	203717	 Assoc-voc	11	 Never-married	 Craft-repair	 Not-in-family	 White	 Male	0	0	50	 United-States	<=50K.	<=50K.
252	24	 Private	313956	 Bachelors	13	 Married-civ-spouse	 Prof-specialty	 Husband	 White	 Male	0	0	40	 United-States	>50K.	<=50K.
253	42	 Federal-gov	177937	 Bachelors	13	 Never-married	 Prof-specialty	 Not-in-family	 White	 Male	0	0	40	 ?	<=50K.	<=50K.
254	28	 Private	193868	 Bachelors	13	 Never-married	 Tech-support	 Own-child	 White	 Male	0	0	50	 United-States	<=50K.	<=50K.
255	21	 Private	250939	 Some-college	10	 Never-married	 Machine-op-inspct	 Other-relative	 White	 Male	0	0	35	 United-States	<=50K.	<=50K.
256	62	 Federal-gov	57629	 Some-college	10	 Divorced	 Tech-support	 Not-in-family	 Black	 Male	4650	0	40	 United-States	<=50K.	>50K.
257	39	 Private	281768	 HS-grad	9	 Never-married	 Other-service	 Not-in-family	 Black	 Female	0	0	40	 United-States	<=50K.	<=50K.
258	30	 State-gov	260782	 HS-grad	9	 Never-married	 Other-service	 Not-in-family	 White	 Male	0	0	40	 United-States	<=50K.	<=50K.
259	72	 Self-emp-not-inc	243769	 Prof-school	15	 Never-married	 Prof-specialty	 Not-in-family	 White	 Male	0	1429	20	 United-States	<=50K.	>50K.
260	50	 Private	109937	 Some-college	10	 Married-civ-spouse	 Exec-managerial	 Wife	 White	 Female	0	0	50	 United-States	<=50K.	<=50K.
261	28	 Local-gov	134890	 Masters	14	 Never-married	 Prof-specialty	 Not-in-family	 White	 Male	0	0	40	 United-States	<=50K.	<=50K.
262	29	 Private	100293	 Some-college	10	 Never-married	 Prof-specialty	 Not-in-family	 White	 Female	0	0	40	 United-States	<=50K.	<=50K.
263	26	 Private	132179	 Bachelors	13	 Never-married	 Adm-clerical	 Own-child	 White	 Female	0	0	40	 United-States	<=50K.	<=50K.
264	27	 Private	116372	 Masters	14	 Never-married	 Exec-managerial	 Not-in-family	 White	 Female	0	0	40	 United-States	<=50K.	<=50K.
265	29	 Private	255412	 Some-college	10	 Married-civ-spouse	 Handlers-cleaners	 Husband	 White	 Male	3103	0	40	 United-States	>50K.	>50K.
266	61	 ?	195789	 HS-grad	9	 Married-civ-spouse	 ?	 Husband	 White	 Male	0	0	40	 United-States	<=50K.	<=50K.
267	29	 Private	342400	10th	6	 Married-civ-spouse	 Craft-repair	 Husband	 White	 Male	0	0	25	 United-States	<=50K.	<=50K.
268	21	 ?	65481	 Some-college	10	 Never-married	 ?	 Own-child	 White	 Female	0	0	30	 United-States	<=50K.	<=50K.
269	31	 Private	169085	11th	7	 Married-civ-spouse	 Sales	 Wife	 White	 Female	0	0	20	 United-States	<=50K.	<=50K.
270	25	 Private	177221	 HS-grad	9	 Married-civ-spouse	 Exec-managerial	 Husband	 White	 Male	0	0	75	 United-States	<=50K.	<=50K.
271	58	 Private	65325	10th	6	 Married-civ-spouse	 Transport-moving	 Husband	 White	 Male	0	0	40	 United-States	>50K.	<=50K.
272	64	 Private	118944	 Some-college	10	 Married-civ-spouse	 Exec-managerial	 Wife	 White	 Female	0	0	40	 United-States	>50K.	<=50K.
273	46	 State-gov	149337	 Masters	14	 Never-married	 Exec-managerial	 Not-in-family	 White	 Male	0	0	38	 United-States	<=50K.	<=50K.
274	53	 ?	237868	 HS-grad	9	 Married-civ-spouse	 ?	 Husband	 White	 Male	0	0	35	 United-States	>50K.	<=50K.
275	19	 Private	106183	 HS-grad	9	 Never-married	 Other-service	 Own-child	 Amer-Indian-Eskimo	 Female	0	0	35	 United-States	<=50K.	<=50K.
276	42	 Private	226388	 HS-grad	9	 Divorced	 Other-service	 Not-in-family	 Black	 Male	0	0	52	 United-States	<=50K.	<=50K.
277	18	 Private	220754	11th	7	 Never-married	 Handlers-cleaners	 Own-child	 White	 Male	0	0	24	 United-States	<=50K.	<=50K.
278	58	 Self-emp-inc	204021	 Bachelors	13	 Married-civ-spouse	 Craft-repair	 Husband	 White	 Male	15024	0	50	 United-States	>50K.	>50K.
279	20	 Private	347391	 Some-college	10	 Never-married	 Protective-serv	 Not-in-family	 Black	 Male	0	0	60	 United-States	<=50K.	<=50K.
280	35	 Federal-gov	413930	 HS-grad	9	 Married-civ-spouse	 Craft-repair	 Husband	 White	 Male	0	0	40	 United-States	>50K.	<=50K.
281	32	 Private	174201	 HS-grad	9	 Married-civ-spouse	 Handlers-cleaners	 Husband	 White	 Male	0	0	38	 United-States	>50K.	<=50K.
282	23	 Private	145917	 HS-grad	9	 Never-married	 Handlers-cleaners	 Not-in-family	 White	 Female	0	0	25	 United-States	<=50K.	<=50K.
283	31	 Private	241797	 Some-college	10	 Divorced	 Tech-support	 Unmarried	 White	 Female	0	0	40	 United-States	<=50K.	<=50K.
284	33	 Private	265168	 Bachelors	13	 Married-civ-spouse	 Sales	 Husband	 Black	 Male	0	0	55	 United-States	<=50K.	<=50K.
285	41	 Private	171234	 Some-college	10	 Never-married	 Machine-op-inspct	 Not-in-family	 White	 Female	0	0	48	 United-States	<=50K.	<=50K.
286	22	 Private	178452	 HS-grad	9	 Never-married	 Machine-op-inspct	 Own-child	 Black	 Male	0	0	40	 United-States	<=50K.	<=50K.
287	46	 Private	157857	 Some-college	10	 Married-civ-spouse	 Protective-serv	 Husband	 White	 Male	0	0	40	 United-States	>50K.	<=50K.
288	61	 Federal-gov	512864	 Some-college	10	 Married-civ-spouse	 Transport-moving	 Husband	 Black	 Male	0	0	40	 United-States	<=50K.	<=50K.
289	30	 Private	296462	 HS-grad	9	 Never-married	 Exec-managerial	 Not-in-family	 Black	 Male	0	0	40	 United-States	<=50K.	<=50K.
290	42	 Private	171615	 HS-grad	9	 Married-civ-spouse	 Exec-managerial	 Husband	 White	 Male	0	0	55	 United-States	>50K.	<=50K.
291	63	 Private	214071	10th	6	 Married-civ-spouse	 Handlers-cleaners	 Husband	 White	 Male	0	0	40	 United-States	<=50K.	<=50K.
292	26	 Private	172421	 Some-college	10	 Married-civ-spouse	 Sales	 Husband	 White	 Male	0	0	40	 United-States	<=50K.	<=50K.
293	42	 Private	195488	10th	6	 Divorced	 Adm-clerical	 Unmarried	 White	 Female	0	0	40	 United-States	<=50K.	<=50K.
294	23	 Private	316841	 Some-college	10	 Married-civ-spouse	 Other-service	 Husband	 White	 Male	0	0	40	 United-States	<=50K.	<=50K.
295	25	 Private	236267	 HS-grad	9	 Never-married	 Machine-op-inspct	 Unmarried	 White	 Male	0	1590	40	 United-States	<=50K.	<=50K.
296	30	 Private	236543	9th	5	 Married-civ-spouse	 Other-service	 Husband	 White	 Male	0	0	32	 El-Salvador	>50K.	>50K.
297	23	 Private	318483	 HS-grad	9	 Never-married	 Sales	 Own-child	 White	 Male	0	0	40	 United-States	<=50K.	<=50K.
298	34	 Self-emp-not-inc	163756	 Assoc-voc	11	 Never-married	 Farming-fishing	 Not-in-family	 White	 Male	27828	0	60	 United-States	>50K.	>50K.
299	30	 Private	238186	 HS-grad	9	 Married-civ-spouse	 Machine-op-inspct	 Other-relative	 White	 Male	0	2057	48	 United-States	<=50K.	<=50K.
300	39	 Private	329980	 Some-college	10	 Married-civ-spouse	 Craft-repair	 Husband	 White	 Male	0	0	40	 United-States	>50K.	<=50K.
301	30	 Private	169269	11th	7	 Never-married	 Handlers-cleaners	 Other-relative	 White	 Male	0	1721	38	 Puerto-Rico	<=50K.	<=50K.
302	38	 Local-gov	34744	 Some-college	10	 Divorced	 Adm-clerical	 Unmarried	 White	 Female	0	0	38	 United-States	<=50K.	<=50K.
303	26	 Private	98114	 HS-grad	9	 Divorced	 Exec-managerial	 Own-child	 White	 Female	0	0	40	 United-States	<=50K.	<=50K.
304	20	 Private	109667	 Some-college	10	 Never-married	 Handlers-cleaners	 Own-child	 White	 Male	0	0	16	 United-States	<=50K.	<=50K.
305	37	 Local-gov	263690	 Bachelors	13	 Never-married	 Prof-specialty	 Unmarried	 Black	 Male	0	0	40	 ?	<=50K.	<=50K.
306	33	 Private	147430	 HS-grad	9	 Married-civ-spouse	 Adm-clerical	 Own-child	 White	 Female	0	0	40	 United-States	<=50K.	<=50K.
307	24	 Private	224238	 Bachelors	13	 Never-married	 Adm-clerical	 Own-child	 White	 Male	0	0	40	 United-States	<=50K.	<=50K.
308	42	 Self-emp-inc	212894	 Bachelors	13	 Married-civ-spouse	 Exec-managerial	 Husband	 White	 Male	0	0	60	 United-States	>50K.	>50K.
309	51	 Self-emp-not-inc	136708	 HS-grad	9	 Married-civ-spouse	 Sales	 Husband	 Asian-Pac-Islander	 Male	3103	0	84	 Vietnam	<=50K.	<=50K.
310	56	 Local-gov	38573	 Assoc-acdm	12	 Married-civ-spouse	 Tech-support	 Husband	 White	 Male	0	0	45	 United-States	>50K.	<=50K.
311	22	 Private	197200	 Some-college	10	 Never-married	 Handlers-cleaners	 Own-child	 White	 Male	0	0	40	 United-States	<=50K.	<=50K.
312	52	 Self-emp-not-inc	182796	 Some-college	10	 Married-civ-spouse	 Farming-fishing	 Husband	 White	 Male	0	0	60	 United-States	<=50K.	<=50K.
313	44	 Private	184527	 Bachelors	13	 Divorced	 Exec-managerial	 Unmarried	 White	 Female	4934	0	45	 United-States	>50K.	>50K.
314	34	 Private	145231	 HS-grad	9	 Married-civ-spouse	 Adm-clerical	 Wife	 White	 Female	4064	0	35	 United-States	<=50K.	>50K.
315	51	 Private	43354	 Some-college	10	 Divorced	 Craft-repair	 Not-in-family	 White	 Male	0	0	42	 United-States	>50K.	<=50K.
316	20	 ?	318865	 Some-college	10	 Never-married	 ?	 Not-in-family	 White	 Male	0	0	40	 United-States	<=50K.	<=50K.
317	19	 Private	355712	 Some-college	10	 Never-married	 Sales	 Not-in-family	 White	 Female	0	0	25	 United-States	<=50K.	<=50K.
318	37	 Private	98776	 Bachelors	13	 Married-civ-spouse	 Exec-managerial	 Husband	 White	 Male	0	0	40	 United-States	>50K.	<=50K.
319	68	 Private	257557	 HS-grad	9	 Married-civ-spouse	 Machine-op-inspct	 Husband	 Black	 Male	0	0	40	 United-States	>50K.	<=50K.
320	22	 Private	102258	 Some-college	10	 Divorced	 Protective-serv	 Not-in-family	 White	 Male	0	0	40	 United-States	<=50K.	<=50K.
321	56	 Self-emp-inc	170287	 Bachelors	13	 Married-civ-spouse	 Exec-managerial	 Husband	 White	 Male	0	0	40	 United-States	<=50K.	<=50K.
322	37	 Private	243409	 HS-grad	9	 Married-civ-spouse	 Craft-repair	 Husband	 White	 Male	0	0	40	 United-States	<=50K.	<=50K.
323	52	 Private	55608	1st-4th	2	 Married-civ-spouse	 Machine-op-inspct	 Husband	 White	 Male	0	0	40	 Mexico	<=50K.	<=50K.
324	26	 Private	248057	 HS-grad	9	 Separated	 Handlers-cleaners	 Own-child	 White	 Male	0	0	40	 Puerto-Rico	<=50K.	<=50K.
325	33	 Private	95530	 Masters	14	 Married-civ-spouse	 Prof-specialty	 Husband	 White	 Male	0	0	50	 United-States	<=50K.	<=50K.
326	45	 Local-gov	54038	 Masters	14	 Divorced	 Prof-specialty	 Unmarried	 White	 Female	0	0	42	 United-States	<=50K.	<=50K.
327	18	 Private	161245	11th	7	 Never-married	 Other-service	 Own-child	 White	 Male	0	0	15	 United-States	<=50K.	<=50K.
328	43	 Self-emp-not-inc	388725	 Some-college	10	 Married-civ-spouse	 Farming-fishing	 Husband	 White	 Male	0	0	60	 United-States	>50K.	<=50K.
329	64	 Self-emp-not-inc	71807	 Doctorate	16	 Married-civ-spouse	 Prof-specialty	 Husband	 White	 Male	15024	0	50	 ?	>50K.	>50K.
330	18	 Private	228216	 HS-grad	9	 Never-married	 Handlers-cleaners	 Own-child	 White	 Male	0	0	20	 United-States	<=50K.	<=50K.
331	20	 ?	303121	 Some-college	10	 Never-married	 ?	 Own-child	 White	 Male	0	0	45	 United-States	<=50K.	<=50K.
332	57	 Private	78020	 HS-grad	9	 Married-civ-spouse	 Craft-repair	 Husband	 White	 Male	0	0	40	 United-States	>50K.	<=50K.
333	41	 Private	249254	 HS-grad	9	 Divorced	 Adm-clerical	 Unmarried	 White	 Female	3674	0	42	 United-States	<=50K.	<=50K.
334	34	 Private	87218	 Masters	14	 Married-civ-spouse	 Exec-managerial	 Husband	 White	 Male	0	1887	50	 United-States	>50K.	>50K.
335	19	 Private	304299	 HS-grad	9	 Never-married	 Sales	 Unmarried	 White	 Female	0	0	40	 United-States	<=50K.	<=50K.
336	44	 Private	196234	9th	5	 Divorced	 Other-service	 Unmarried	 White	 Female	0	0	55	 Dominican-Republic	<=50K.	<=50K.
337	56	 Private	197875	10th	6	 Widowed	 Other-service	 Unmarried	 White	 Female	0	0	40	 United-States	<=50K.	<=50K.
338	36	 Self-emp-inc	48063	 HS-grad	9	 Married-civ-spouse	 Farming-fishing	 Husband	 White	 Male	0	0	80	 United-States	<=50K.	<=50K.
339	48	 Private	253596	 Bachelors	13	 Divorced	 Exec-managerial	 Unmarried	 White	 Female	0	0	48	 United-States	<=50K.	<=50K.
340	29	 Private	39257	 HS-grad	9	 Married-civ-spouse	 Transport-moving	 Husband	 White	 Male	0	0	40	 United-States	>50K.	<=50K.
341	33	 Private	56150	 Bachelors	13	 Never-married	 Craft-repair	 Not-in-family	 White	 Male	2174	0	40	 United-States	<=50K.	<=50K.
342	31	 Private	179415	5th-6th	3	 Married-civ-spouse	 Other-service	 Husband	 White	 Male	0	0	40	 Mexico	<=50K.	<=50K.
343	39	 Private	252445	 Masters	14	 Married-civ-spouse	 Prof-specialty	 Husband	 White	 Male	0	0	45	 United-States	>50K.	<=50K.
344	66	 Private	275918	 HS-grad	9	 Married-civ-spouse	 Exec-managerial	 Husband	 White	 Male	10605	0	40	 United-States	>50K.	>50K.
345	27	 Private	106562	 Bachelors	13	 Never-married	 Prof-specialty	 Not-in-family	 White	 Female	0	0	50	 United-States	>50K.	<=50K.
346	39	 Private	198654	 HS-grad	9	 Divorced	 Exec-managerial	 Unmarried	 Black	 Female	99999	0	40	 United-States	>50K.	>50K.
347	59	 Private	107318	7th-8th	4	 Married-civ-spouse	 Craft-repair	 Husband	 White	 Male	5178	0	50	 United-States	>50K.	>50K.
348	26	 Private	181896	 HS-grad	9	 Never-married	 Other-service	 Own-child	 White	 Female	0	0	40	 United-States	<=50K.	<=50K.
349	31	 Private	106014	 Assoc-voc	11	 Divorced	 Craft-repair	 Unmarried	 White	 Male	0	0	40	 United-States	<=50K.	<=50K.
350	45	 ?	319993	 HS-grad	9	 Widowed	 ?	 Unmarried	 White	 Female	0	0	40	 Mexico	<=50K.	<=50K.
351	23	 Private	197997	 HS-grad	9	 Never-married	 Handlers-cleaners	 Own-child	 White	 Male	0	0	30	 United-States	<=50K.	<=50K.
352	36	 Local-gov	173542	 HS-grad	9	 Divorced	 Adm-clerical	 Unmarried	 White	 Female	0	0	40	 United-States	<=50K.	<=50K.
353	34	 Private	207564	 Some-college	10	 Married-civ-spouse	 Other-service	 Wife	 White	 Female	0	0	12	 United-States	>50K.	<=50K.
354	32	 Private	224462	 HS-grad	9	 Married-civ-spouse	 Transport-moving	 Husband	 White	 Male	0	0	84	 United-States	>50K.	<=50K.
355	37	 Private	123361	 Bachelors	13	 Married-civ-spouse	 Prof-specialty	 Husband	 Black	 Male	0	0	50	 United-States	>50K.	<=50K.
356	33	 Private	90409	 Bachelors	13	 Never-married	 Sales	 Not-in-family	 White	 Male	0	0	45	 United-States	<=50K.	<=50K.
357	50	 Self-emp-not-inc	165001	 Prof-school	15	 Married-civ-spouse	 Prof-specialty	 Husband	 White	 Male	99999	0	80	 United-States	>50K.	>50K.
358	32	 Federal-gov	149573	 Assoc-acdm	12	 Never-married	 Protective-serv	 Not-in-family	 Black	 Male	0	0	40	 United-States	<=50K.	<=50K.
359	35	 Private	249456	 Bachelors	13	 Never-married	 Adm-clerical	 Own-child	 Black	 Female	0	0	40	 United-States	<=50K.	<=50K.
360	37	 Private	149898	11th	7	 Married-civ-spouse	 Craft-repair	 Husband	 White	 Male	0	0	40	 United-States	<=50K.	<=50K.
361	44	 Private	292985	 Some-college	10	 Divorced	 Craft-repair	 Not-in-family	 White	 Male	0	0	60	 United-States	<=50K.	<=50K.
362	57	 Private	50223	 Some-college	10	 Divorced	 Handlers-cleaners	 Other-relative	 White	 Male	0	0	25	 United-States	<=50K.	<=50K.
363	29	 Local-gov	400074	 Some-college	10	 Married-civ-spouse	 Exec-managerial	 Own-child	 White	 Female	0	0	40	 United-States	<=50K.	<=50K.
364	55	 Private	197399	 HS-grad	9	 Married-civ-spouse	 Craft-repair	 Husband	 White	 Male	0	0	50	 United-States	>50K.	<=50K.
365	43	 Self-emp-inc	209547	 Prof-school	15	 Married-civ-spouse	 Prof-specialty	 Husband	 White	 Male	0	0	25	 United-States	>50K.	>50K.
366	43	 Private	52433	 Some-college	10	 Married-civ-spouse	 Sales	 Husband	 White	 Male	0	0	70	 United-States	<=50K.	<=50K.
367	45	 Self-emp-not-inc	355978	 Some-college	10	 Married-civ-spouse	 Sales	 Husband	 White	 Male	0	0	60	 United-States	>50K.	<=50K.
368	33	 Self-emp-not-inc	48214	 Masters	14	 Married-civ-spouse	 Prof-specialty	 Wife	 White	 Female	0	0	8	 United-States	<=50K.	<=50K.
369	26	 Private	190873	10th	6	 Divorced	 Other-service	 Unmarried	 White	 Female	0	0	40	 Germany	<=50K.	<=50K.
370	23	 Private	278390	 Some-college	10	 Married-civ-spouse	 Sales	 Husband	 White	 Male	0	0	68	 United-States	<=50K.	<=50K.
371	41	 Private	203217	7th-8th	4	 Separated	 Craft-repair	 Not-in-family	 White	 Male	0	0	40	 Mexico	<=50K.	<=50K.
372	24	 Private	279175	 HS-grad	9	 Married-civ-spouse	 Craft-repair	 Husband	 White	 Male	0	0	40	 United-States	<=50K.	<=50K.
