,trial__id,race,struck_state,defendant_race,same_race,struck_by,Bayes Classification
0,4,Black,1,White,different race,Juror chosen to serve on jury,1
1,4,Black,0,White,different race,Struck by the state,0
2,4,White,1,White,same race,Juror chosen to serve on jury,1
3,4,White,1,White,same race,Struck by the defense,1
4,4,Black,0,White,different race,Struck by the state,0
5,4,White,1,White,same race,Juror chosen to serve on jury,1
6,4,Black,0,White,different race,Struck by the state,0
7,4,White,1,White,same race,Struck by the defense,1
8,4,White,1,White,same race,Juror chosen to serve on jury,1
9,4,White,1,White,same race,Struck by the defense,1
10,4,White,1,White,same race,Juror chosen to serve on jury,1
11,4,White,1,White,same race,Struck by the defense,1
12,301,Black,0,Black,same race,Struck by the state,0
13,5,Black,1,Black,same race,Juror chosen to serve on jury,1
14,5,Black,1,Black,same race,Juror chosen to serve on jury,1
15,5,White,1,Black,different race,Struck by the defense,1
16,5,Black,0,Black,same race,Struck by the state,0
17,5,White,1,Black,different race,Juror chosen to serve on jury,1
18,5,Black,0,Black,same race,Struck by the state,0
19,5,White,1,Black,different race,Struck by the defense,1
20,5,Black,1,Black,same race,Juror chosen to serve on jury,1
21,5,Black,1,Black,same race,Juror chosen to serve on jury,1
22,5,White,1,Black,different race,Juror chosen to serve on jury,1
23,5,White,1,Black,different race,Juror chosen to serve on jury,1
24,5,White,1,Black,different race,Juror chosen to serve on jury,1
25,5,White,0,Black,different race,Struck by the state,0
26,6,White,0,White,same race,Struck by the state,0
27,7,Black,0,White,different race,Struck by the state,0
28,7,White,1,White,same race,Juror chosen to serve on jury,1
29,7,White,0,White,same race,Struck by the state,0
30,269,Black,0,Black,same race,Struck by the state,0
31,8,Black,0,Black,same race,Struck by the state,0
32,7,White,1,White,same race,Struck by the defense,1
33,301,Black,1,Black,same race,Struck by the defense,1
34,102,White,1,Black,different race,Juror chosen to serve on jury,1
35,36,Black,1,White,different race,Struck by the defense,1
36,58,White,1,Black,different race,Juror chosen as alternate,1
37,161,White,1,Black,different race,Struck by the defense,1
38,161,White,1,Black,different race,Struck by the defense,1
39,161,Black,1,Black,same race,Juror chosen to serve on jury,1
40,161,Black,1,Black,same race,Juror chosen to serve on jury,1
41,161,Black,0,Black,same race,Struck by the state,0
42,161,Black,1,Black,same race,Juror chosen to serve on jury,1
43,161,White,1,Black,different race,Struck by the defense,1
44,161,Black,1,Black,same race,Juror chosen to serve on jury,1
45,161,Black,1,Black,same race,Juror chosen to serve on jury,1
46,161,White,0,Black,different race,Struck by the state,0
47,161,Black,1,Black,same race,Juror chosen to serve on jury,1
48,161,Black,0,Black,same race,Struck by the state,0
49,161,Black,1,Black,same race,Juror chosen to serve on jury,1
50,161,Black,1,Black,same race,Juror chosen to serve on jury,1
51,161,White,1,Black,different race,Juror chosen as alternate,1
52,22,White,1,Black,different race,Juror chosen to serve on jury,1
53,22,White,1,Black,different race,Juror chosen to serve on jury,1
54,166,White,1,Black,different race,Juror chosen to serve on jury,1
55,166,Black,0,Black,same race,Struck by the state,0
56,166,Black,0,Black,same race,Struck by the state,0
57,166,White,1,Black,different race,Juror chosen to serve on jury,1
58,166,Black,1,Black,same race,Juror chosen to serve on jury,1
59,166,Black,0,Black,same race,Struck by the state,0
60,166,White,1,Black,different race,Juror chosen to serve on jury,1
61,166,White,1,Black,different race,Juror chosen to serve on jury,1
62,59,Black,0,Black,same race,Struck by the state,0
63,59,White,1,Black,different race,Juror chosen to serve on jury,1
64,59,White,0,Black,different race,Struck by the state,0
65,59,Black,0,Black,same race,Struck by the state,0
66,59,White,1,Black,different race,Juror chosen as alternate,1
67,71,Black,1,Black,same race,Juror chosen as alternate,1
68,71,Black,0,Black,same race,Struck by the state,0
69,71,Black,0,Black,same race,Struck by the state,0
70,71,White,1,Black,different race,Struck by the defense,1
71,71,White,1,Black,different race,Juror chosen to serve on jury,1
72,71,Black,1,Black,same race,Juror chosen to serve on jury,1
73,71,White,1,Black,different race,Struck by the defense,1
74,71,White,1,Black,different race,Juror chosen to serve on jury,1
75,71,White,1,Black,different race,Struck by the defense,1
76,71,Black,0,Black,same race,Struck by the state,0
77,71,Black,1,Black,same race,Juror chosen to serve on jury,1
78,71,White,1,Black,different race,Juror chosen to serve on jury,1
79,71,Black,0,Black,same race,Struck by the state,0
80,71,White,1,Black,different race,Juror chosen to serve on jury,1
81,71,Black,0,Black,same race,Struck by the state,0
82,71,White,1,Black,different race,Struck by the defense,1
83,71,Black,0,Black,same race,Struck by the state,0
84,71,White,1,Black,different race,Struck by the defense,1
85,71,White,1,Black,different race,Juror chosen to serve on jury,1
86,71,Black,1,Black,same race,Juror chosen to serve on jury,1
87,237,Black,0,Black,same race,Struck by the state,0
88,237,Black,1,Black,same race,Juror chosen to serve on jury,1
89,237,Black,1,Black,same race,Juror chosen to serve on jury,1
90,237,Black,0,Black,same race,Struck by the state,0
91,237,Black,1,Black,same race,Juror chosen to serve on jury,1
92,237,Black,0,Black,same race,Struck by the state,0
93,170,White,1,White,same race,Juror chosen to serve on jury,1
94,170,White,1,White,same race,Juror chosen to serve on jury,1
95,170,Black,1,White,different race,Juror chosen to serve on jury,1
96,170,Black,0,White,different race,Struck by the state,0
97,170,White,1,White,same race,Juror chosen to serve on jury,1
98,170,White,1,White,same race,Struck by the defense,1
99,170,Black,1,White,different race,Struck by the defense,1
100,170,Black,1,White,different race,Juror chosen to serve on jury,1
101,170,White,1,White,same race,Juror chosen to serve on jury,1
102,170,Black,1,White,different race,Juror chosen to serve on jury,1
103,170,Black,1,White,different race,Juror chosen to serve on jury,1
104,170,White,1,White,same race,Struck by the defense,1
105,170,White,1,White,same race,Juror chosen to serve on jury,1
106,170,White,0,White,same race,Struck by the state,0
107,170,White,1,White,same race,Struck by the defense,1
108,170,White,1,White,same race,Struck by the defense,1
109,170,Black,0,White,different race,Struck by the state,0
110,170,White,1,White,same race,Juror chosen to serve on jury,1
111,170,Black,0,White,different race,Struck by the state,0
112,170,Black,0,White,different race,Struck by the state,0
113,170,White,1,White,same race,Struck by the defense,1
114,4,Black,1,White,different race,Juror chosen to serve on jury,1
115,38,White,1,Black,different race,Juror chosen to serve on jury,1
116,38,White,1,Black,different race,Struck by the defense,1
117,38,White,1,Black,different race,Struck by the defense,1
118,38,White,1,Black,different race,Struck by the defense,1
119,38,White,1,Black,different race,Struck by the defense,1
120,38,White,1,Black,different race,Struck by the defense,1
121,38,White,0,Black,different race,Struck by the state,0
122,38,White,1,Black,different race,Struck by the defense,1
123,38,White,1,Black,different race,Juror chosen to serve on jury,1
124,38,White,1,Black,different race,Juror chosen to serve on jury,1
125,38,White,1,Black,different race,Juror chosen to serve on jury,1
126,38,White,0,Black,different race,Struck by the state,0
127,38,White,1,Black,different race,Struck by the defense,1
128,38,White,1,Black,different race,Struck by the defense,1
129,38,White,1,Black,different race,Struck by the defense,1
130,172,White,0,Black,different race,Struck by the state,0
131,172,White,1,Black,different race,Struck by the defense,1
132,172,White,1,Black,different race,Struck by the defense,1
133,172,White,1,Black,different race,Struck by the defense,1
134,172,White,1,Black,different race,Juror chosen to serve on jury,1
135,172,White,1,Black,different race,Struck by the defense,1
136,172,White,1,Black,different race,Juror chosen to serve on jury,1
137,172,White,1,Black,different race,Struck by the defense,1
138,172,White,1,Black,different race,Juror chosen to serve on jury,1
139,172,White,1,Black,different race,Juror chosen to serve on jury,1
140,172,White,0,Black,different race,Struck by the state,0
141,172,White,0,Black,different race,Struck by the state,0
142,172,White,0,Black,different race,Struck by the state,0
143,172,White,1,Black,different race,Juror chosen to serve on jury,1
144,172,White,1,Black,different race,Juror chosen to serve on jury,1
145,172,White,1,Black,different race,Struck by the defense,1
146,172,Black,0,Black,same race,Struck by the state,0
147,45,Black,1,Black,same race,Juror chosen to serve on jury,1
148,45,Black,1,Black,same race,Juror chosen to serve on jury,1
149,45,White,1,Black,different race,Struck by the defense,1
150,47,White,1,Black,different race,Struck by the defense,1
151,47,White,1,Black,different race,Juror chosen to serve on jury,1
152,47,White,1,Black,different race,Struck by the defense,1
153,47,White,1,Black,different race,Struck by the defense,1
154,47,Black,0,Black,same race,Struck by the state,0
155,47,White,1,Black,different race,Struck by the defense,1
156,47,White,1,Black,different race,Juror chosen to serve on jury,1
157,52,White,1,Black,different race,Juror chosen to serve on jury,1
158,52,Black,1,Black,same race,Juror chosen to serve on jury,1
159,52,White,1,Black,different race,Juror chosen as alternate,1
160,245,Black,1,Black,same race,Juror chosen to serve on jury,1
161,245,Black,1,Black,same race,Juror chosen to serve on jury,1
162,245,White,1,Black,different race,Juror chosen to serve on jury,1
163,245,White,1,Black,different race,Juror chosen to serve on jury,1
164,245,Black,1,Black,same race,Juror chosen to serve on jury,1
165,245,Black,1,Black,same race,Juror chosen to serve on jury,1
166,245,White,1,Black,different race,Juror chosen to serve on jury,1
167,245,Black,1,Black,same race,Juror chosen to serve on jury,1
168,245,Black,1,Black,same race,Juror chosen to serve on jury,1
169,245,White,1,Black,different race,Juror chosen to serve on jury,1
170,245,White,1,Black,different race,Juror chosen to serve on jury,1
171,245,White,1,Black,different race,Juror chosen to serve on jury,1
172,245,White,1,Black,different race,Juror chosen as alternate,1
173,245,Black,1,Black,same race,Juror chosen as alternate,1
174,58,Black,0,Black,same race,Struck by the state,0
175,59,White,1,Black,different race,Struck by the defense,1
176,59,White,1,Black,different race,Struck by the defense,1
177,59,White,1,Black,different race,Juror chosen to serve on jury,1
178,59,White,1,Black,different race,Struck by the defense,1
179,59,Black,0,Black,same race,Struck by the state,0
180,59,White,1,Black,different race,Juror chosen to serve on jury,1
181,59,White,1,Black,different race,Struck by the defense,1
182,59,Black,1,Black,same race,Juror chosen to serve on jury,1
183,59,White,0,Black,different race,Struck by the state,0
184,59,White,1,Black,different race,Juror chosen to serve on jury,1
185,59,Black,0,Black,same race,Struck by the state,0
186,59,White,1,Black,different race,Juror chosen to serve on jury,1
187,59,White,1,Black,different race,Juror chosen to serve on jury,1
188,59,White,1,Black,different race,Struck by the defense,1
189,59,White,1,Black,different race,Juror chosen to serve on jury,1
190,117,Black,1,Black,same race,Juror chosen to serve on jury,1
191,117,Black,0,Black,same race,Struck by the state,0
192,61,White,1,White,same race,Struck by the defense,1
193,59,White,1,Black,different race,Juror chosen to serve on jury,1
194,61,White,1,White,same race,Juror chosen to serve on jury,1
195,61,Black,0,White,different race,Struck by the state,0
196,61,Black,0,White,different race,Struck by the state,0
197,61,Black,1,White,different race,Juror chosen to serve on jury,1
198,61,White,1,White,same race,Juror chosen to serve on jury,1
199,61,Black,1,White,different race,Juror chosen to serve on jury,1
200,117,White,1,Black,different race,Juror chosen to serve on jury,1
201,117,White,1,Black,different race,Struck by the defense,1
202,117,White,1,Black,different race,Struck by the defense,1
203,117,Black,1,Black,same race,Juror chosen to serve on jury,1
204,117,White,1,Black,different race,Juror chosen to serve on jury,1
205,117,White,1,Black,different race,Juror chosen to serve on jury,1
206,117,White,1,Black,different race,Juror chosen to serve on jury,1
207,117,White,1,Black,different race,Juror chosen to serve on jury,1
208,117,White,1,Black,different race,Juror chosen to serve on jury,1
209,117,Black,0,Black,same race,Struck by the state,0
210,117,White,1,Black,different race,Juror chosen to serve on jury,1
211,117,White,1,Black,different race,Juror chosen to serve on jury,1
212,117,White,0,Black,different race,Struck by the state,0
213,117,White,1,Black,different race,Juror chosen to serve on jury,1
214,117,White,1,Black,different race,Juror chosen to serve on jury,1
215,61,White,1,White,same race,Juror chosen to serve on jury,1
216,61,Black,0,White,different race,Struck by the state,0
217,61,Black,1,White,different race,Juror chosen to serve on jury,1
218,61,Black,0,White,different race,Struck by the state,0
219,61,White,1,White,same race,Juror chosen to serve on jury,1
220,61,Black,0,White,different race,Struck by the state,0
221,61,White,1,White,same race,Struck by the defense,1
222,61,White,1,White,same race,Juror chosen to serve on jury,1
223,61,White,1,White,same race,Juror chosen to serve on jury,1
224,61,White,1,White,same race,Struck by the defense,1
225,61,White,1,White,same race,Struck by the defense,1
226,61,White,1,White,same race,Juror chosen to serve on jury,1
227,61,White,1,White,same race,Juror chosen to serve on jury,1
228,61,White,1,White,same race,Juror chosen to serve on jury,1
229,61,White,1,White,same race,Juror chosen as alternate,1
230,117,White,0,Black,different race,Struck by the state,0
231,68,White,1,White,same race,Struck by the defense,1
232,38,White,1,Black,different race,Juror chosen to serve on jury,1
233,73,White,1,Black,different race,Struck by the defense,1
234,73,White,1,Black,different race,Juror chosen to serve on jury,1
235,74,White,1,White,same race,Juror chosen to serve on jury,1
236,74,White,1,White,same race,Struck by the defense,1
237,74,Black,0,White,different race,Struck by the state,0
238,74,White,1,White,same race,Struck by the defense,1
239,74,White,0,White,same race,Struck by the state,0
240,74,White,1,White,same race,Juror chosen to serve on jury,1
241,74,Black,1,White,different race,Juror chosen to serve on jury,1
242,74,White,1,White,same race,Struck by the defense,1
243,74,White,1,White,same race,Struck by the defense,1
244,74,White,1,White,same race,Struck by the defense,1
245,74,White,1,White,same race,Struck by the defense,1
246,74,White,1,White,same race,Struck by the defense,1
247,74,White,1,White,same race,Juror chosen to serve on jury,1
248,74,Black,1,White,different race,Juror chosen to serve on jury,1
249,74,Black,1,White,different race,Juror chosen to serve on jury,1
250,73,White,1,Black,different race,Struck by the defense,1
251,8,White,0,Black,different race,Struck by the state,0
252,8,Black,0,Black,same race,Struck by the state,0
253,8,White,1,Black,different race,Juror chosen to serve on jury,1
254,8,White,1,Black,different race,Juror chosen to serve on jury,1
255,8,White,1,Black,different race,Struck by the defense,1
256,8,White,1,Black,different race,Struck by the defense,1
257,8,White,0,Black,different race,Struck by the state,0
258,8,Black,0,Black,same race,Struck by the state,0
259,8,White,1,Black,different race,Juror chosen to serve on jury,1
260,82,White,1,Black,different race,Struck by the defense,1
261,82,Black,0,Black,same race,Struck by the state,0
262,82,White,1,Black,different race,Juror chosen to serve on jury,1
263,82,Black,1,Black,same race,Struck by the defense,1
264,82,Black,1,Black,same race,Struck by the defense,1
265,82,White,0,Black,different race,Struck by the state,0
266,82,Black,1,Black,same race,Struck by the defense,1
267,8,White,1,Black,different race,Struck by the defense,1
268,82,White,1,Black,different race,Struck by the defense,1
269,82,White,1,Black,different race,Struck by the defense,1
270,82,Black,1,Black,same race,Juror chosen to serve on jury,1
271,82,Black,1,Black,same race,Struck by the defense,1
272,82,White,1,Black,different race,Juror chosen to serve on jury,1
273,82,White,1,Black,different race,Struck by the defense,1
274,82,Black,1,Black,same race,Struck by the defense,1
275,82,White,1,Black,different race,Struck by the defense,1
276,8,Black,0,Black,same race,Struck by the state,0
277,82,Black,0,Black,same race,Struck by the state,0
278,82,White,1,Black,different race,Juror chosen to serve on jury,1
279,82,White,1,Black,different race,Juror chosen to serve on jury,1
280,82,White,1,Black,different race,Juror chosen to serve on jury,1
281,82,Black,0,Black,same race,Struck by the state,0
282,82,White,1,Black,different race,Juror chosen to serve on jury,1
283,82,White,1,Black,different race,Juror chosen to serve on jury,1
284,82,Black,0,Black,same race,Struck by the state,0
285,82,White,1,Black,different race,Juror chosen to serve on jury,1
286,82,Black,0,Black,same race,Struck by the state,0
287,82,Black,0,Black,same race,Struck by the state,0
288,76,White,1,Black,different race,Juror chosen as alternate,1
289,76,Black,1,Black,same race,Juror chosen to serve on jury,1
290,82,White,1,Black,different race,Struck by the defense,1
291,82,Black,1,Black,same race,Juror chosen to serve on jury,1
292,82,White,1,Black,different race,Juror chosen to serve on jury,1
293,82,White,1,Black,different race,Juror chosen to serve on jury,1
294,82,White,1,Black,different race,Struck by the defense,1
295,82,White,0,Black,different race,Struck by the state,0
296,82,Black,1,Black,same race,Juror chosen as alternate,1
297,82,Black,1,Black,same race,Juror chosen as alternate,1
298,79,White,1,Black,different race,Struck by the defense,1
299,79,White,1,Black,different race,Struck by the defense,1
300,79,Black,1,Black,same race,Struck by the defense,1
301,224,Black,0,Black,same race,Struck by the state,0
302,224,Black,0,Black,same race,Struck by the state,0
303,224,White,1,Black,different race,Juror chosen to serve on jury,1
304,224,White,1,Black,different race,Juror chosen to serve on jury,1
305,224,White,1,Black,different race,Juror chosen to serve on jury,1
306,224,White,1,Black,different race,Juror chosen to serve on jury,1
307,224,White,1,Black,different race,Juror chosen to serve on jury,1
308,224,White,1,Black,different race,Juror chosen to serve on jury,1
309,224,White,1,Black,different race,Juror chosen to serve on jury,1
310,8,White,1,Black,different race,Struck by the defense,1
311,8,White,1,Black,different race,Juror chosen to serve on jury,1
312,80,White,0,White,same race,Struck by the state,0
313,80,White,1,White,same race,Juror chosen to serve on jury,1
314,80,White,1,White,same race,Juror chosen to serve on jury,1
315,80,White,1,White,same race,Juror chosen to serve on jury,1
316,80,Black,0,White,different race,Struck by the state,0
317,80,Black,0,White,different race,Struck by the state,0
318,8,White,1,Black,different race,Juror chosen to serve on jury,1
319,8,White,0,Black,different race,Struck by the state,0
320,8,White,1,Black,different race,Juror chosen to serve on jury,1
321,8,White,1,Black,different race,Struck by the defense,1
322,8,White,1,Black,different race,Juror chosen to serve on jury,1
323,8,Black,0,Black,same race,Struck by the state,0
324,8,White,1,Black,different race,Struck by the defense,1
325,8,White,0,Black,different race,Struck by the state,0
326,8,White,1,Black,different race,Struck by the defense,1
327,8,White,1,Black,different race,Juror chosen to serve on jury,1
328,8,White,1,Black,different race,Juror chosen to serve on jury,1
329,8,White,0,Black,different race,Struck by the state,0
330,8,White,1,Black,different race,Struck by the defense,1
331,8,White,1,Black,different race,Juror chosen to serve on jury,1
332,8,White,0,Black,different race,Struck by the state,0
333,8,Black,0,Black,same race,Struck by the state,0
334,80,Black,1,White,different race,Juror chosen as alternate,1
335,80,Black,1,White,different race,Juror chosen to serve on jury,1
336,80,White,1,White,same race,Struck by the defense,1
337,80,White,1,White,same race,Juror chosen to serve on jury,1
338,80,White,1,White,same race,Juror chosen to serve on jury,1
339,80,Black,1,White,different race,Juror chosen to serve on jury,1
340,80,White,1,White,same race,Struck by the defense,1
341,80,Black,0,White,different race,Struck by the state,0
342,80,Black,0,White,different race,Struck by the state,0
343,80,Black,0,White,different race,Struck by the state,0
344,80,White,1,White,same race,Juror chosen to serve on jury,1
345,80,White,1,White,same race,Struck by the defense,1
346,80,Black,1,White,different race,Juror chosen to serve on jury,1
347,80,White,1,White,same race,Juror chosen to serve on jury,1
348,195,Black,0,Black,same race,Struck by the state,0
349,92,White,1,Black,different race,Struck by the defense,1
350,92,Black,0,Black,same race,Struck by the state,0
351,92,White,1,Black,different race,Juror chosen to serve on jury,1
352,92,White,1,Black,different race,Struck by the defense,1
353,92,White,0,Black,different race,Struck by the state,0
354,92,White,1,Black,different race,Juror chosen to serve on jury,1
355,92,White,1,Black,different race,Juror chosen to serve on jury,1
356,92,Black,0,Black,same race,Struck by the state,0
357,92,White,1,Black,different race,Struck by the defense,1
358,92,Black,1,Black,same race,Juror chosen to serve on jury,1
359,92,Black,1,Black,same race,Juror chosen to serve on jury,1
360,92,White,1,Black,different race,Struck by the defense,1
361,92,White,1,Black,different race,Juror chosen to serve on jury,1
362,92,White,1,Black,different race,Struck by the defense,1
363,92,White,1,Black,different race,Juror chosen to serve on jury,1
364,92,White,1,Black,different race,Struck by the defense,1
365,92,White,1,Black,different race,Juror chosen to serve on jury,1
366,92,Black,0,Black,same race,Struck by the state,0
367,92,White,1,Black,different race,Juror chosen to serve on jury,1
368,92,Black,0,Black,same race,Struck by the state,0
369,92,White,1,Black,different race,Juror chosen to serve on jury,1
370,92,White,1,Black,different race,Juror chosen to serve on jury,1
371,79,Black,0,Black,same race,Struck by the state,0
372,79,White,1,Black,different race,Struck by the defense,1
373,79,Black,0,Black,same race,Struck by the state,0
374,79,White,1,Black,different race,Juror chosen to serve on jury,1
375,79,White,1,Black,different race,Juror chosen to serve on jury,1
376,79,White,1,Black,different race,Juror chosen to serve on jury,1
377,79,White,1,Black,different race,Juror chosen to serve on jury,1
378,79,Black,0,Black,same race,Struck by the state,0
379,79,White,1,Black,different race,Juror chosen to serve on jury,1
380,79,White,1,Black,different race,Juror chosen to serve on jury,1
381,79,White,1,Black,different race,Struck by the defense,1
382,79,White,1,Black,different race,Struck by the defense,1
383,79,White,1,Black,different race,Juror chosen to serve on jury,1
384,79,Black,1,Black,same race,Juror chosen to serve on jury,1
385,79,White,1,Black,different race,Juror chosen to serve on jury,1
386,79,Black,0,Black,same race,Struck by the state,0
387,79,Black,0,Black,same race,Struck by the state,0
388,95,White,1,Black,different race,Juror chosen to serve on jury,1
389,79,White,1,Black,different race,Juror chosen to serve on jury,1
390,79,Black,1,Black,same race,Juror chosen to serve on jury,1
391,79,Black,1,Black,same race,Juror chosen as alternate,1
392,79,White,1,Black,different race,Juror chosen to serve on jury,1
393,45,Black,1,Black,same race,Juror chosen to serve on jury,1
394,45,White,1,Black,different race,Juror chosen to serve on jury,1
395,107,White,1,Black,different race,Struck by the defense,1
396,107,Black,1,Black,same race,Juror chosen to serve on jury,1
397,76,Black,1,Black,same race,Struck by the defense,1
398,76,White,1,Black,different race,Juror chosen to serve on jury,1
399,76,Black,0,Black,same race,Struck by the state,0
400,76,White,1,Black,different race,Juror chosen to serve on jury,1
401,76,White,1,Black,different race,Struck by the defense,1
402,76,Black,1,Black,same race,Juror chosen to serve on jury,1
403,76,White,1,Black,different race,Struck by the defense,1
404,76,Black,0,Black,same race,Struck by the state,0
405,76,White,1,Black,different race,Juror chosen to serve on jury,1
406,76,White,1,Black,different race,Juror chosen to serve on jury,1
407,76,White,1,Black,different race,Juror chosen to serve on jury,1
408,76,White,1,Black,different race,Struck by the defense,1
409,76,Black,1,Black,same race,Juror chosen to serve on jury,1
410,76,Black,0,Black,same race,Struck by the state,0
411,76,Black,0,Black,same race,Struck by the state,0
412,76,White,1,Black,different race,Juror chosen to serve on jury,1
413,76,White,1,Black,different race,Juror chosen to serve on jury,1
414,76,Black,1,Black,same race,Juror chosen to serve on jury,1
415,76,White,1,Black,different race,Struck by the defense,1
416,76,White,1,Black,different race,Struck by the defense,1
417,76,White,1,Black,different race,Juror chosen to serve on jury,1
418,75,White,1,Black,different race,Juror chosen to serve on jury,1
419,75,White,1,Black,different race,Struck by the defense,1
420,75,Black,1,Black,same race,Struck by the defense,1
421,75,Black,1,Black,same race,Struck by the defense,1
422,75,White,1,Black,different race,Juror chosen to serve on jury,1
423,75,White,1,Black,different race,Struck by the defense,1
424,102,White,1,Black,different race,Struck by the defense,1
425,102,White,1,Black,different race,Juror chosen as alternate,1
426,102,White,1,Black,different race,Juror chosen as alternate,1
427,75,Black,1,Black,same race,Struck by the defense,1
428,75,White,1,Black,different race,Struck by the defense,1
429,75,White,1,Black,different race,Juror chosen to serve on jury,1
430,75,White,1,Black,different race,Juror chosen to serve on jury,1
431,75,White,1,Black,different race,Struck by the defense,1
432,75,White,1,Black,different race,Juror chosen to serve on jury,1
433,75,White,1,Black,different race,Struck by the defense,1
434,75,White,1,Black,different race,Juror chosen to serve on jury,1
435,75,Black,0,Black,same race,Struck by the state,0
436,75,Black,1,Black,same race,Juror chosen to serve on jury,1
437,75,Black,1,Black,same race,Juror chosen to serve on jury,1
438,75,White,1,Black,different race,Struck by the defense,1
439,75,White,1,Black,different race,Struck by the defense,1
440,75,White,1,Black,different race,Juror chosen to serve on jury,1
441,75,Black,0,Black,same race,Struck by the state,0
442,75,White,1,Black,different race,Juror chosen to serve on jury,1
443,75,Black,0,Black,same race,Struck by the state,0
444,75,Black,0,Black,same race,Struck by the state,0
445,75,Black,0,Black,same race,Struck by the state,0
446,75,Black,1,Black,same race,Struck by the defense,1
447,75,Black,0,Black,same race,Struck by the state,0
448,75,Black,0,Black,same race,Struck by the state,0
449,75,Black,1,Black,same race,Juror chosen to serve on jury,1
450,75,Black,1,Black,same race,Juror chosen as alternate,1
451,75,Black,1,Black,same race,Juror chosen as alternate,1
452,75,White,1,Black,different race,Juror chosen to serve on jury,1
453,58,White,1,Black,different race,Juror chosen to serve on jury,1
454,58,Black,1,Black,same race,Juror chosen to serve on jury,1
455,58,Black,0,Black,same race,Struck by the state,0
456,58,White,0,Black,different race,Struck by the state,0
457,107,Black,0,Black,same race,Struck by the state,0
458,107,Black,0,Black,same race,Struck by the state,0
459,107,White,1,Black,different race,Juror chosen to serve on jury,1
460,107,White,1,Black,different race,Juror chosen to serve on jury,1
461,107,White,1,Black,different race,Struck by the defense,1
462,107,Black,1,Black,same race,Juror chosen to serve on jury,1
463,107,Black,0,Black,same race,Struck by the state,0
464,107,White,1,Black,different race,Juror chosen to serve on jury,1
465,107,White,1,Black,different race,Juror chosen to serve on jury,1
466,107,White,1,Black,different race,Juror chosen to serve on jury,1
467,107,White,1,Black,different race,Juror chosen to serve on jury,1
468,107,Black,0,Black,same race,Struck by the state,0
469,5,White,1,Black,different race,Struck by the defense,1
470,120,White,1,Black,different race,Juror chosen as alternate,1
471,120,Black,0,Black,same race,Struck by the state,0
472,120,Black,1,Black,same race,Juror chosen as alternate,1
473,120,White,1,Black,different race,Struck by the defense,1
474,120,White,1,Black,different race,Struck by the defense,1
475,120,White,1,Black,different race,Juror chosen to serve on jury,1
476,120,White,0,Black,different race,Struck by the state,0
477,120,Black,0,Black,same race,Struck by the state,0
478,120,Black,1,Black,same race,Juror chosen to serve on jury,1
479,120,White,1,Black,different race,Struck by the defense,1
480,6,White,0,White,same race,Struck by the state,0
481,116,White,1,Black,different race,Struck by the defense,1
482,116,White,1,Black,different race,Juror chosen to serve on jury,1
483,116,White,1,Black,different race,Juror chosen to serve on jury,1
484,116,White,1,Black,different race,Juror chosen to serve on jury,1
485,116,Black,1,Black,same race,Juror chosen to serve on jury,1
486,116,Black,1,Black,same race,Juror chosen to serve on jury,1
487,116,White,1,Black,different race,Juror chosen to serve on jury,1
488,116,Black,1,Black,same race,Juror chosen as alternate,1
489,116,White,1,Black,different race,Juror chosen to serve on jury,1
490,116,White,1,Black,different race,Struck by the defense,1
491,116,White,1,Black,different race,Juror chosen to serve on jury,1
492,116,Black,0,Black,same race,Struck by the state,0
493,116,White,1,Black,different race,Juror chosen to serve on jury,1
494,116,White,1,Black,different race,Juror chosen to serve on jury,1
495,116,Black,0,Black,same race,Struck by the state,0
496,116,White,0,Black,different race,Struck by the state,0
497,120,White,0,Black,different race,Struck by the state,0
498,120,White,1,Black,different race,Struck by the defense,1
499,120,White,1,Black,different race,Juror chosen to serve on jury,1
500,120,White,1,Black,different race,Struck by the defense,1
501,120,White,1,Black,different race,Struck by the defense,1
502,120,White,1,Black,different race,Juror chosen to serve on jury,1
503,120,White,1,Black,different race,Juror chosen to serve on jury,1
504,120,Black,1,Black,same race,Juror chosen to serve on jury,1
505,120,White,0,Black,different race,Struck by the state,0
506,120,Black,0,Black,same race,Struck by the state,0
507,120,Black,0,Black,same race,Struck by the state,0
508,120,White,1,Black,different race,Juror chosen to serve on jury,1
509,120,White,1,Black,different race,Juror chosen to serve on jury,1
510,120,White,1,Black,different race,Struck by the defense,1
511,120,White,1,Black,different race,Struck by the defense,1
512,120,White,1,Black,different race,Juror chosen to serve on jury,1
513,120,Black,1,Black,same race,Juror chosen to serve on jury,1
514,7,White,1,White,same race,Struck by the defense,1
515,120,White,0,Black,different race,Struck by the state,0
516,120,Black,0,Black,same race,Struck by the state,0
517,120,White,1,Black,different race,Juror chosen to serve on jury,1
518,120,White,1,Black,different race,Struck by the defense,1
519,120,Black,0,Black,same race,Struck by the state,0
520,120,White,1,Black,different race,Juror chosen to serve on jury,1
521,120,Black,1,Black,same race,Struck by the defense,1
522,120,White,1,Black,different race,Struck by the defense,1
523,52,White,0,Black,different race,Struck by the state,0
524,52,Black,0,Black,same race,Struck by the state,0
525,52,Black,1,Black,same race,Juror chosen to serve on jury,1
526,52,White,1,Black,different race,Juror chosen to serve on jury,1
527,52,White,1,Black,different race,Struck by the defense,1
528,52,White,1,Black,different race,Struck by the defense,1
529,52,White,1,Black,different race,Juror chosen to serve on jury,1
530,52,White,1,Black,different race,Struck by the defense,1
531,135,White,1,Black,different race,Juror chosen to serve on jury,1
532,135,White,1,Black,different race,Struck by the defense,1
533,135,Black,0,Black,same race,Struck by the state,0
534,135,White,1,Black,different race,Juror chosen to serve on jury,1
535,135,White,1,Black,different race,Struck by the defense,1
536,135,White,1,Black,different race,Struck by the defense,1
537,135,White,1,Black,different race,Struck by the defense,1
538,135,White,1,Black,different race,Juror chosen to serve on jury,1
539,135,Black,0,Black,same race,Struck by the state,0
540,135,White,1,Black,different race,Juror chosen to serve on jury,1
541,135,White,1,Black,different race,Struck by the defense,1
542,135,Black,0,Black,same race,Struck by the state,0
543,135,Black,0,Black,same race,Struck by the state,0
544,135,Black,0,Black,same race,Struck by the state,0
545,135,White,1,Black,different race,Juror chosen to serve on jury,1
546,135,White,1,Black,different race,Juror chosen to serve on jury,1
547,135,Black,0,Black,same race,Struck by the state,0
548,135,White,1,Black,different race,Juror chosen to serve on jury,1
549,135,White,1,Black,different race,Struck by the defense,1
550,135,White,1,Black,different race,Struck by the defense,1
551,135,Black,0,Black,same race,Struck by the state,0
552,135,Black,0,Black,same race,Struck by the state,0
553,52,Black,0,Black,same race,Struck by the state,0
554,52,White,1,Black,different race,Juror chosen to serve on jury,1
555,52,White,1,Black,different race,Juror chosen to serve on jury,1
556,52,White,1,Black,different race,Struck by the defense,1
557,52,Black,1,Black,same race,Juror chosen to serve on jury,1
558,52,Black,0,Black,same race,Struck by the state,0
559,52,White,1,Black,different race,Juror chosen to serve on jury,1
560,52,White,1,Black,different race,Juror chosen to serve on jury,1
561,52,Black,1,Black,same race,Juror chosen to serve on jury,1
562,52,White,1,Black,different race,Struck by the defense,1
563,52,White,1,Black,different race,Juror chosen to serve on jury,1
564,58,White,1,Black,different race,Juror chosen to serve on jury,1
565,58,White,1,Black,different race,Juror chosen to serve on jury,1
566,58,White,1,Black,different race,Juror chosen to serve on jury,1
567,58,White,1,Black,different race,Juror chosen to serve on jury,1
568,58,Black,1,Black,same race,Juror chosen to serve on jury,1
569,58,White,1,Black,different race,Juror chosen to serve on jury,1
570,58,White,1,Black,different race,Struck by the defense,1
571,58,White,1,Black,different race,Juror chosen to serve on jury,1
572,58,Black,0,Black,same race,Struck by the state,0
573,58,White,0,Black,different race,Struck by the state,0
574,135,Black,0,Black,same race,Struck by the state,0
575,74,Black,1,White,different race,Juror chosen to serve on jury,1
576,74,Black,1,White,different race,Juror chosen to serve on jury,1
577,74,White,1,White,same race,Struck by the defense,1
578,74,White,1,White,same race,Struck by the defense,1
579,74,White,1,White,same race,Juror chosen to serve on jury,1
580,74,White,1,White,same race,Struck by the defense,1
581,74,Black,0,White,different race,Struck by the state,0
582,74,White,0,White,same race,Struck by the state,0
583,74,Black,0,White,different race,Struck by the state,0
584,74,Black,1,White,different race,Juror chosen to serve on jury,1
585,74,White,1,White,same race,Struck by the defense,1
586,74,Black,0,White,different race,Struck by the state,0
587,74,White,1,White,same race,Struck by the defense,1
588,74,White,1,White,same race,Juror chosen to serve on jury,1
589,116,Black,0,Black,same race,Struck by the state,0
590,68,White,1,White,same race,Struck by the defense,1
591,6,White,0,White,same race,Struck by the state,0
592,58,White,1,Black,different race,Struck by the defense,1
593,58,White,1,Black,different race,Juror chosen to serve on jury,1
594,58,White,1,Black,different race,Struck by the defense,1
595,58,White,1,Black,different race,Juror chosen to serve on jury,1
596,58,White,0,Black,different race,Struck by the state,0
597,268,White,1,Black,different race,Juror chosen to serve on jury,1
598,6,Black,1,White,different race,Juror chosen to serve on jury,1
599,55,White,1,Black,different race,Struck by the defense,1
600,6,White,1,White,same race,Struck by the defense,1
601,85,Black,0,Black,same race,Struck by the state,0
602,47,White,1,Black,different race,Struck by the defense,1
603,47,White,1,Black,different race,Struck by the defense,1
604,269,Black,1,Black,same race,Juror chosen to serve on jury,1
605,269,Black,0,Black,same race,Struck by the state,0
606,269,Black,0,Black,same race,Struck by the state,0
607,269,Black,0,Black,same race,Struck by the state,0
608,55,White,1,Black,different race,Struck by the defense,1
609,55,Black,1,Black,same race,Juror chosen to serve on jury,1
610,55,White,1,Black,different race,Juror chosen to serve on jury,1
611,55,White,1,Black,different race,Struck by the defense,1
612,55,White,1,Black,different race,Juror chosen to serve on jury,1
613,55,White,1,Black,different race,Juror chosen to serve on jury,1
614,55,White,1,Black,different race,Juror chosen to serve on jury,1
615,55,White,1,Black,different race,Struck by the defense,1
616,55,White,1,Black,different race,Struck by the defense,1
617,55,Black,0,Black,same race,Struck by the state,0
618,55,White,1,Black,different race,Struck by the defense,1
619,55,White,1,Black,different race,Juror chosen to serve on jury,1
620,55,White,1,Black,different race,Struck by the defense,1
621,55,White,0,Black,different race,Struck by the state,0
622,95,White,0,Black,different race,Struck by the state,0
623,55,White,1,Black,different race,Juror chosen to serve on jury,1
624,55,White,1,Black,different race,Juror chosen to serve on jury,1
625,55,White,1,Black,different race,Juror chosen to serve on jury,1
626,55,White,1,Black,different race,Juror chosen to serve on jury,1
627,55,White,1,Black,different race,Juror chosen as alternate,1
628,55,White,1,Black,different race,Struck by the defense,1
629,55,Black,1,Black,same race,Juror chosen to serve on jury,1
630,55,White,1,Black,different race,Juror chosen to serve on jury,1
631,6,White,0,White,same race,Struck by the state,0
632,6,White,1,White,same race,Juror chosen to serve on jury,1
633,6,White,1,White,same race,Struck by the defense,1
634,6,Black,0,White,different race,Struck by the state,0
635,6,Black,1,White,different race,Juror chosen to serve on jury,1
636,161,White,1,Black,different race,Juror chosen to serve on jury,1
637,161,Black,1,Black,same race,Juror chosen to serve on jury,1
638,161,Black,1,Black,same race,Juror chosen to serve on jury,1
639,161,White,1,Black,different race,Juror chosen to serve on jury,1
640,166,Black,0,Black,same race,Struck by the state,0
641,166,White,1,Black,different race,Struck by the defense,1
642,166,White,1,Black,different race,Juror chosen to serve on jury,1
643,166,White,1,Black,different race,Juror chosen to serve on jury,1
644,166,White,1,Black,different race,Struck by the defense,1
645,166,White,1,Black,different race,Struck by the defense,1
646,166,Black,1,Black,same race,Juror chosen to serve on jury,1
647,166,White,1,Black,different race,Struck by the defense,1
648,166,White,1,Black,different race,Struck by the defense,1
649,166,Black,0,Black,same race,Struck by the state,0
650,166,White,1,Black,different race,Juror chosen to serve on jury,1
651,166,White,1,Black,different race,Juror chosen to serve on jury,1
652,166,White,1,Black,different race,Juror chosen to serve on jury,1
653,166,White,1,Black,different race,Struck by the defense,1
654,166,White,1,Black,different race,Juror chosen to serve on jury,1
655,130,White,1,Black,different race,Juror chosen to serve on jury,1
656,130,Black,0,Black,same race,Struck by the state,0
657,130,Black,1,Black,same race,Juror chosen to serve on jury,1
658,130,Black,0,Black,same race,Struck by the state,0
659,130,White,1,Black,different race,Struck by the defense,1
660,130,Black,0,Black,same race,Struck by the state,0
661,130,Black,1,Black,same race,Juror chosen to serve on jury,1
662,130,Black,1,Black,same race,Juror chosen to serve on jury,1
663,130,White,1,Black,different race,Juror chosen to serve on jury,1
664,130,Black,0,Black,same race,Struck by the state,0
665,130,Black,1,Black,same race,Struck by the defense,1
666,130,White,1,Black,different race,Struck by the defense,1
667,130,White,1,Black,different race,Struck by the defense,1
668,130,White,1,Black,different race,Juror chosen to serve on jury,1
669,130,White,1,Black,different race,Struck by the defense,1
670,130,White,1,Black,different race,Juror chosen to serve on jury,1
671,130,White,1,Black,different race,Juror chosen to serve on jury,1
672,130,Black,1,Black,same race,Juror chosen to serve on jury,1
673,130,White,1,Black,different race,Struck by the defense,1
674,130,White,1,Black,different race,Juror chosen to serve on jury,1
675,130,White,1,Black,different race,Juror chosen to serve on jury,1
676,130,White,1,Black,different race,Juror chosen to serve on jury,1
677,130,White,1,Black,different race,Juror chosen as alternate,1
678,170,Black,1,White,different race,Juror chosen as alternate,1
679,170,White,1,White,same race,Juror chosen to serve on jury,1
680,170,White,1,White,same race,Juror chosen to serve on jury,1
681,172,White,1,Black,different race,Struck by the defense,1
682,172,Black,0,Black,same race,Struck by the state,0
683,172,White,1,Black,different race,Juror chosen to serve on jury,1
684,172,Black,0,Black,same race,Struck by the state,0
685,172,Black,0,Black,same race,Struck by the state,0
686,172,Black,0,Black,same race,Struck by the state,0
687,172,Black,0,Black,same race,Struck by the state,0
688,172,White,1,Black,different race,Struck by the defense,1
689,172,Black,0,Black,same race,Struck by the state,0
690,172,Black,0,Black,same race,Struck by the state,0
691,172,White,1,Black,different race,Struck by the defense,1
692,172,White,1,Black,different race,Juror chosen to serve on jury,1
693,176,White,1,White,same race,Struck by the defense,1
694,176,Black,1,White,different race,Juror chosen to serve on jury,1
695,176,Black,1,White,different race,Juror chosen to serve on jury,1
696,176,White,0,White,same race,Struck by the state,0
697,176,White,1,White,same race,Struck by the defense,1
698,176,Black,1,White,different race,Juror chosen to serve on jury,1
699,176,White,1,White,same race,Juror chosen to serve on jury,1
700,176,Black,1,White,different race,Juror chosen to serve on jury,1
701,176,White,1,White,same race,Struck by the defense,1
702,176,Black,0,White,different race,Struck by the state,0
703,176,White,1,White,same race,Juror chosen to serve on jury,1
704,176,White,1,White,same race,Struck by the defense,1
705,176,Black,0,White,different race,Struck by the state,0
706,176,White,1,White,same race,Juror chosen to serve on jury,1
707,176,White,1,White,same race,Juror chosen to serve on jury,1
708,176,Black,0,White,different race,Struck by the state,0
709,176,White,1,White,same race,Juror chosen to serve on jury,1
710,176,White,1,White,same race,Juror chosen to serve on jury,1
711,176,White,0,White,same race,Struck by the state,0
712,176,White,1,White,same race,Juror chosen to serve on jury,1
713,176,White,1,White,same race,Struck by the defense,1
714,176,White,0,White,same race,Struck by the state,0
715,176,White,1,White,same race,Juror chosen to serve on jury,1
716,176,White,1,White,same race,Struck by the defense,1
717,53,White,1,Black,different race,Struck by the defense,1
718,68,White,0,White,same race,Struck by the state,0
719,68,White,1,White,same race,Juror chosen as alternate,1
720,53,White,1,Black,different race,Juror chosen as alternate,1
721,53,White,0,Black,different race,Struck by the state,0
722,53,White,1,Black,different race,Juror chosen to serve on jury,1
723,53,Black,1,Black,same race,Juror chosen to serve on jury,1
724,53,White,1,Black,different race,Juror chosen to serve on jury,1
725,53,White,1,Black,different race,Struck by the defense,1
726,53,White,1,Black,different race,Juror chosen to serve on jury,1
727,53,White,1,Black,different race,Juror chosen to serve on jury,1
728,53,Black,1,Black,same race,Juror chosen to serve on jury,1
729,53,Black,0,Black,same race,Struck by the state,0
730,53,White,1,Black,different race,Juror chosen to serve on jury,1
731,53,White,0,Black,different race,Struck by the state,0
732,53,White,0,Black,different race,Struck by the state,0
733,53,Black,0,Black,same race,Struck by the state,0
734,53,White,1,Black,different race,Juror chosen to serve on jury,1
735,53,White,1,Black,different race,Juror chosen to serve on jury,1
736,53,White,1,Black,different race,Juror chosen to serve on jury,1
737,53,White,1,Black,different race,Struck by the defense,1
738,53,White,0,Black,different race,Struck by the state,0
739,53,White,1,Black,different race,Struck by the defense,1
740,53,White,1,Black,different race,Struck by the defense,1
741,53,White,1,Black,different race,Juror chosen to serve on jury,1
742,300,White,1,Black,different race,Struck by the defense,1
743,300,Black,0,Black,same race,Struck by the state,0
744,300,Black,1,Black,same race,Juror chosen to serve on jury,1
745,300,Black,0,Black,same race,Struck by the state,0
746,300,White,1,Black,different race,Struck by the defense,1
747,300,White,1,Black,different race,Juror chosen to serve on jury,1
748,300,White,1,Black,different race,Struck by the defense,1
749,300,Black,0,Black,same race,Struck by the state,0
750,300,Black,0,Black,same race,Struck by the state,0
751,300,Black,0,Black,same race,Struck by the state,0
752,300,White,1,Black,different race,Struck by the defense,1
753,300,White,1,Black,different race,Juror chosen to serve on jury,1
754,300,White,1,Black,different race,Juror chosen to serve on jury,1
755,300,White,1,Black,different race,Struck by the defense,1
756,300,Black,1,Black,same race,Juror chosen to serve on jury,1
757,300,White,1,Black,different race,Struck by the defense,1
758,300,Black,0,Black,same race,Struck by the state,0
759,300,White,1,Black,different race,Juror chosen to serve on jury,1
760,300,Black,0,Black,same race,Struck by the state,0
761,196,Black,1,Black,same race,Juror chosen to serve on jury,1
762,196,Black,1,Black,same race,Juror chosen to serve on jury,1
763,196,Black,1,Black,same race,Juror chosen to serve on jury,1
764,196,Black,1,Black,same race,Juror chosen to serve on jury,1
765,196,Black,0,Black,same race,Struck by the state,0
766,300,Black,0,Black,same race,Struck by the state,0
767,300,White,1,Black,different race,Struck by the defense,1
768,300,Black,1,Black,same race,Juror chosen to serve on jury,1
769,300,Black,1,Black,same race,Juror chosen to serve on jury,1
770,300,White,1,Black,different race,Struck by the defense,1
771,300,White,1,Black,different race,Struck by the defense,1
772,300,White,1,Black,different race,Struck by the defense,1
773,300,Black,0,Black,same race,Struck by the state,0
774,300,White,1,Black,different race,Juror chosen to serve on jury,1
775,300,Black,0,Black,same race,Struck by the state,0
776,300,Black,1,Black,same race,Juror chosen to serve on jury,1
777,300,White,1,Black,different race,Juror chosen to serve on jury,1
778,300,White,1,Black,different race,Juror chosen to serve on jury,1
779,300,White,1,Black,different race,Juror chosen as alternate,1
780,300,White,1,Black,different race,Struck by the defense,1
781,300,Black,0,Black,same race,Struck by the state,0
782,300,White,1,Black,different race,Juror chosen as alternate,1
783,202,Black,0,Black,same race,Struck by the state,0
784,202,Black,0,Black,same race,Struck by the state,0
785,202,Black,0,Black,same race,Struck by the state,0
786,255,Black,1,Black,same race,Juror chosen as alternate,1
787,301,White,1,Black,different race,Juror chosen to serve on jury,1
788,255,White,1,Black,different race,Juror chosen as alternate,1
789,301,White,1,Black,different race,Juror chosen to serve on jury,1
790,205,Black,0,Black,same race,Struck by the state,0
791,205,White,0,Black,different race,Struck by the state,0
792,205,White,0,Black,different race,Struck by the state,0
793,205,Black,0,Black,same race,Struck by the state,0
794,269,Black,0,Black,same race,Struck by the state,0
795,269,Black,0,Black,same race,Struck by the state,0
796,225,White,0,Black,different race,Struck by the state,0
797,225,White,1,Black,different race,Juror chosen to serve on jury,1
798,225,White,1,Black,different race,Struck by the defense,1
799,225,White,1,Black,different race,Juror chosen to serve on jury,1
800,225,White,1,Black,different race,Struck by the defense,1
801,225,White,1,Black,different race,Struck by the defense,1
802,301,Black,1,Black,same race,Juror chosen to serve on jury,1
803,225,Black,0,Black,same race,Struck by the state,0
804,225,White,0,Black,different race,Struck by the state,0
805,225,Black,0,Black,same race,Struck by the state,0
806,225,Black,0,Black,same race,Struck by the state,0
807,5,Black,0,Black,same race,Struck by the state,0
808,5,White,1,Black,different race,Juror chosen to serve on jury,1
809,5,White,1,Black,different race,Struck by the defense,1
810,5,White,1,Black,different race,Struck by the defense,1
811,255,Black,1,Black,same race,Juror chosen to serve on jury,1
812,255,White,1,Black,different race,Juror chosen to serve on jury,1
813,255,White,1,Black,different race,Juror chosen to serve on jury,1
814,255,White,1,Black,different race,Juror chosen to serve on jury,1
815,255,White,1,Black,different race,Juror chosen to serve on jury,1
816,255,Black,1,Black,same race,Juror chosen to serve on jury,1
817,255,White,1,Black,different race,Juror chosen to serve on jury,1
818,259,White,1,White,same race,Struck by the defense,1
819,255,White,1,Black,different race,Juror chosen to serve on jury,1
820,255,White,1,Black,different race,Juror chosen to serve on jury,1
821,255,White,1,Black,different race,Juror chosen to serve on jury,1
822,255,White,1,Black,different race,Juror chosen as alternate,1
823,255,Black,1,Black,same race,Juror chosen to serve on jury,1
824,259,White,1,White,same race,Struck by the defense,1
825,259,White,1,White,same race,Struck by the defense,1
826,259,White,1,White,same race,Struck by the defense,1
827,255,White,1,Black,different race,Juror chosen to serve on jury,1
828,224,White,0,Black,different race,Struck by the state,0
829,224,White,1,Black,different race,Juror chosen to serve on jury,1
830,224,White,0,Black,different race,Struck by the state,0
831,224,White,1,Black,different race,Juror chosen to serve on jury,1
832,268,White,1,Black,different race,Struck by the defense,1
833,224,White,0,Black,different race,Struck by the state,0
834,237,Black,1,Black,same race,Juror chosen to serve on jury,1
835,237,Black,0,Black,same race,Struck by the state,0
836,237,Black,0,Black,same race,Struck by the state,0
837,237,Black,1,Black,same race,Juror chosen to serve on jury,1
838,237,Black,0,Black,same race,Struck by the state,0
839,237,Black,1,Black,same race,Juror chosen to serve on jury,1
840,237,Black,0,Black,same race,Struck by the state,0
841,237,Black,1,Black,same race,Struck by the defense,1
842,239,White,0,Black,different race,Struck by the state,0
843,239,Black,0,Black,same race,Struck by the state,0
844,239,Black,0,Black,same race,Struck by the state,0
845,225,White,1,Black,different race,Struck by the defense,1
846,225,White,0,Black,different race,Struck by the state,0
847,225,White,1,Black,different race,Struck by the defense,1
848,225,White,1,Black,different race,Struck by the defense,1
849,225,White,1,Black,different race,Juror chosen as alternate,1
850,246,White,0,Black,different race,Struck by the state,0
851,246,White,1,Black,different race,Struck by the defense,1
852,246,White,1,Black,different race,Struck by the defense,1
853,246,Black,0,Black,same race,Struck by the state,0
854,246,Black,0,Black,same race,Struck by the state,0
855,246,White,0,Black,different race,Struck by the state,0
856,251,White,0,Black,different race,Struck by the state,0
857,251,Black,0,Black,same race,Struck by the state,0
858,251,White,0,Black,different race,Struck by the state,0
859,251,Black,0,Black,same race,Struck by the state,0
860,251,Black,0,Black,same race,Struck by the state,0
861,251,White,0,Black,different race,Struck by the state,0
862,251,Black,0,Black,same race,Struck by the state,0
863,251,White,0,Black,different race,Struck by the state,0
864,251,White,0,Black,different race,Struck by the state,0
865,251,Black,0,Black,same race,Struck by the state,0
866,255,White,0,Black,different race,Struck by the state,0
867,255,White,1,Black,different race,Struck by the defense,1
868,255,White,1,Black,different race,Struck by the defense,1
869,255,White,1,Black,different race,Struck by the defense,1
870,255,White,1,Black,different race,Struck by the defense,1
871,255,White,1,Black,different race,Struck by the defense,1
872,246,White,1,Black,different race,Struck by the defense,1
873,246,White,1,Black,different race,Struck by the defense,1
874,246,White,1,Black,different race,Struck by the defense,1
875,246,Black,0,Black,same race,Struck by the state,0
876,246,White,1,Black,different race,Struck by the defense,1
877,255,White,1,Black,different race,Struck by the defense,1
878,255,White,1,Black,different race,Struck by the defense,1
879,255,Black,0,Black,same race,Struck by the state,0
880,255,White,1,Black,different race,Struck by the defense,1
881,255,White,1,Black,different race,Struck by the defense,1
882,255,White,1,Black,different race,Struck by the defense,1
883,255,Black,0,Black,same race,Struck by the state,0
884,255,Black,0,Black,same race,Struck by the state,0
885,255,Black,0,Black,same race,Struck by the state,0
886,246,Black,1,Black,same race,Juror chosen to serve on jury,1
887,246,White,0,Black,different race,Struck by the state,0
888,246,White,1,Black,different race,Struck by the defense,1
889,259,Black,0,White,different race,Struck by the state,0
890,259,White,0,White,same race,Struck by the state,0
891,259,White,0,White,same race,Struck by the state,0
892,259,White,0,White,same race,Struck by the state,0
893,259,Black,0,White,different race,Struck by the state,0
894,259,Black,0,White,different race,Struck by the state,0
895,259,White,1,White,same race,Struck by the defense,1
896,246,White,1,Black,different race,Struck by the defense,1
897,246,White,1,Black,different race,Struck by the defense,1
898,246,Black,0,Black,same race,Struck by the state,0
899,268,White,1,Black,different race,Juror chosen to serve on jury,1
900,268,Black,1,Black,same race,Juror chosen as alternate,1
901,268,Black,0,Black,same race,Struck by the state,0
902,268,Black,0,Black,same race,Struck by the state,0
903,272,Black,1,Black,same race,Juror chosen to serve on jury,1
904,272,Black,0,Black,same race,Struck by the state,0
905,272,Black,0,Black,same race,Struck by the state,0
906,272,Black,1,Black,same race,Juror chosen to serve on jury,1
907,272,Black,0,Black,same race,Struck by the state,0
908,272,Black,0,Black,same race,Struck by the state,0
909,277,Black,1,Unknown,different race,Juror chosen to serve on jury,1
910,277,Black,1,Unknown,different race,Juror chosen to serve on jury,1
911,277,Black,1,Unknown,different race,Struck by the defense,1
912,289,White,0,Black,different race,Struck by the state,0
913,289,White,1,Black,different race,Juror chosen to serve on jury,1
914,289,White,1,Black,different race,Struck by the defense,1
915,289,White,1,Black,different race,Juror chosen to serve on jury,1
916,289,White,1,Black,different race,Juror chosen to serve on jury,1
917,289,White,1,Black,different race,Juror chosen to serve on jury,1
918,22,White,1,Black,different race,Struck by the defense,1
919,10,White,0,White,same race,Struck by the state,0
920,10,White,1,White,same race,Struck by the defense,1
921,289,White,1,Black,different race,Struck by the defense,1
922,7,Black,0,White,different race,Struck by the state,0
923,289,White,1,Black,different race,Struck by the defense,1
924,289,White,1,Black,different race,Juror chosen to serve on jury,1
925,289,Black,0,Black,same race,Struck by the state,0
926,289,White,1,Black,different race,Struck by the defense,1
927,289,White,1,Black,different race,Juror chosen to serve on jury,1
928,289,Black,0,Black,same race,Struck by the state,0
929,289,Black,0,Black,same race,Struck by the state,0
930,289,White,1,Black,different race,Struck by the defense,1
931,289,Black,0,Black,same race,Struck by the state,0
932,289,Black,0,Black,same race,Struck by the state,0
933,289,White,1,Black,different race,Struck by the defense,1
934,289,White,0,Black,different race,Struck by the state,0
935,6,Black,1,White,different race,Juror chosen to serve on jury,1
936,4,White,1,White,same race,Juror chosen as alternate,1
937,5,White,1,Black,different race,Juror chosen to serve on jury,1
938,5,White,1,Black,different race,Juror chosen to serve on jury,1
939,5,White,1,Black,different race,Juror chosen to serve on jury,1
940,5,White,1,Black,different race,Struck by the defense,1
941,5,White,1,Black,different race,Juror chosen as alternate,1
942,4,White,1,White,same race,Struck by the defense,1
943,4,White,1,White,same race,Juror chosen to serve on jury,1
944,4,White,1,White,same race,Struck by the defense,1
945,4,Black,1,White,different race,Juror chosen to serve on jury,1
946,4,White,1,White,same race,Struck by the defense,1
947,4,Black,1,White,different race,Juror chosen to serve on jury,1
948,4,White,1,White,same race,Struck by the defense,1
949,4,Black,1,White,different race,Juror chosen to serve on jury,1
950,4,Black,0,White,different race,Struck by the state,0
951,4,White,1,White,same race,Struck by the defense,1
952,4,Black,1,White,different race,Juror chosen to serve on jury,1
953,4,White,1,White,same race,Struck by the defense,1
954,4,Black,0,White,different race,Struck by the state,0
955,4,White,1,White,same race,Struck by the defense,1
956,4,White,1,White,same race,Struck by the defense,1
957,4,Black,1,White,different race,Juror chosen to serve on jury,1
958,4,White,1,White,same race,Struck by the defense,1
959,5,White,1,Black,different race,Struck by the defense,1
960,7,Black,0,White,different race,Struck by the state,0
961,7,White,1,White,same race,Struck by the defense,1
962,7,White,1,White,same race,Struck by the defense,1
963,7,White,1,White,same race,Juror chosen to serve on jury,1
964,7,Black,0,White,different race,Struck by the state,0
965,7,White,0,White,same race,Struck by the state,0
966,7,White,1,White,same race,Juror chosen to serve on jury,1
967,7,White,1,White,same race,Juror chosen to serve on jury,1
968,7,Black,0,White,different race,Struck by the state,0
969,7,White,1,White,same race,Juror chosen to serve on jury,1
970,7,White,1,White,same race,Juror chosen to serve on jury,1
971,7,White,1,White,same race,Juror chosen to serve on jury,1
972,7,White,1,White,same race,Struck by the defense,1
973,7,White,1,White,same race,Struck by the defense,1
974,7,Black,0,White,different race,Struck by the state,0
975,7,White,1,White,same race,Juror chosen to serve on jury,1
976,7,White,0,White,same race,Struck by the state,0
977,7,Black,0,White,different race,Struck by the state,0
978,7,White,1,White,same race,Juror chosen to serve on jury,1
979,7,White,1,White,same race,Juror chosen to serve on jury,1
980,7,Black,0,White,different race,Struck by the state,0
981,7,White,1,White,same race,Juror chosen to serve on jury,1
982,7,White,1,White,same race,Struck by the defense,1
983,7,Black,1,White,different race,Juror chosen as alternate,1
984,7,White,1,White,same race,Struck by the defense,1
985,7,Black,0,White,different race,Struck by the state,0
986,7,Black,0,White,different race,Struck by the state,0
987,7,White,1,White,same race,Struck by the defense,1
988,7,White,1,White,same race,Juror chosen to serve on jury,1
989,8,White,1,Black,different race,Struck by the defense,1
990,6,White,1,White,same race,Struck by the defense,1
991,6,White,1,White,same race,Struck by the defense,1
992,6,Black,1,White,different race,Juror chosen to serve on jury,1
993,6,Black,1,White,different race,Juror chosen to serve on jury,1
994,6,Black,1,White,different race,Juror chosen to serve on jury,1
995,6,Black,1,White,different race,Juror chosen to serve on jury,1
996,6,White,1,White,same race,Struck by the defense,1
997,6,Black,1,White,different race,Struck by the defense,1
998,6,White,1,White,same race,Struck by the defense,1
999,6,Black,1,White,different race,Juror chosen to serve on jury,1
1000,6,White,1,White,same race,Struck by the defense,1
1001,6,White,1,White,same race,Juror chosen to serve on jury,1
1002,6,Black,1,White,different race,Juror chosen to serve on jury,1
1003,6,White,1,White,same race,Juror chosen to serve on jury,1
1004,6,White,1,White,same race,Struck by the defense,1
1005,6,Black,1,White,different race,Juror chosen as alternate,1
1006,6,Black,1,White,different race,Juror chosen as alternate,1
1007,6,Black,0,White,different race,Struck by the state,0
1008,8,White,1,Black,different race,Juror chosen as alternate,1
1009,10,Black,1,White,different race,Struck by the defense,1
1010,22,White,1,Black,different race,Juror chosen to serve on jury,1
1011,22,White,1,Black,different race,Juror chosen to serve on jury,1
1012,22,White,1,Black,different race,Struck by the defense,1
1013,22,White,1,Black,different race,Struck by the defense,1
1014,22,White,1,Black,different race,Struck by the defense,1
1015,22,White,1,Black,different race,Struck by the defense,1
1016,22,Black,0,Black,same race,Struck by the state,0
1017,22,White,1,Black,different race,Struck by the defense,1
1018,22,White,1,Black,different race,Juror chosen to serve on jury,1
1019,22,White,1,Black,different race,Struck by the defense,1
1020,22,White,1,Black,different race,Juror chosen to serve on jury,1
1021,22,White,1,Black,different race,Juror chosen to serve on jury,1
1022,22,White,1,Black,different race,Juror chosen to serve on jury,1
1023,22,White,1,Black,different race,Juror chosen to serve on jury,1
1024,22,White,0,Black,different race,Struck by the state,0
1025,22,White,1,Black,different race,Struck by the defense,1
1026,22,Black,0,Black,same race,Struck by the state,0
1027,22,Black,0,Black,same race,Struck by the state,0
1028,22,White,1,Black,different race,Juror chosen to serve on jury,1
1029,22,White,1,Black,different race,Juror chosen to serve on jury,1
1030,22,White,0,Black,different race,Struck by the state,0
1031,22,Black,1,Black,same race,Juror chosen to serve on jury,1
1032,22,Black,0,Black,same race,Struck by the state,0
1033,22,White,1,Black,different race,Struck by the defense,1
1034,22,White,1,Black,different race,Struck by the defense,1
1035,22,White,1,Black,different race,Juror chosen as alternate,1
1036,22,Black,1,Black,same race,Juror chosen as alternate,1
1037,195,Black,0,Black,same race,Struck by the state,0
1038,195,Black,0,Black,same race,Struck by the state,0
1039,195,Black,0,Black,same race,Struck by the state,0
1040,195,White,0,Black,different race,Struck by the state,0
1041,73,White,1,Black,different race,Juror chosen to serve on jury,1
1042,73,Black,1,Black,same race,Juror chosen to serve on jury,1
1043,73,Black,1,Black,same race,Juror chosen to serve on jury,1
1044,73,Black,1,Black,same race,Juror chosen to serve on jury,1
1045,73,Black,1,Black,same race,Juror chosen to serve on jury,1
1046,73,Black,0,Black,same race,Struck by the state,0
1047,73,Black,1,Black,same race,Juror chosen to serve on jury,1
1048,73,Black,0,Black,same race,Struck by the state,0
1049,73,White,1,Black,different race,Struck by the defense,1
1050,73,White,1,Black,different race,Juror chosen to serve on jury,1
1051,73,White,1,Black,different race,Juror chosen to serve on jury,1
1052,73,Black,0,Black,same race,Struck by the state,0
1053,73,White,0,Black,different race,Struck by the state,0
1054,73,White,1,Black,different race,Juror chosen to serve on jury,1
1055,73,Black,1,Black,same race,Juror chosen to serve on jury,1
1056,73,White,1,Black,different race,Struck by the defense,1
1057,73,White,1,Black,different race,Struck by the defense,1
1058,73,White,1,Black,different race,Juror chosen to serve on jury,1
1059,73,Black,0,Black,same race,Struck by the state,0
1060,195,White,0,Black,different race,Struck by the state,0
1061,77,Black,1,Black,same race,Juror chosen to serve on jury,1
1062,77,Black,0,Black,same race,Struck by the state,0
1063,77,Black,1,Black,same race,Juror chosen to serve on jury,1
1064,77,Black,0,Black,same race,Struck by the state,0
1065,77,White,0,Black,different race,Struck by the state,0
1066,77,White,0,Black,different race,Struck by the state,0
1067,77,White,1,Black,different race,Struck by the defense,1
1068,77,Black,0,Black,same race,Struck by the state,0
1069,77,White,1,Black,different race,Struck by the defense,1
1070,77,White,1,Black,different race,Struck by the defense,1
1071,77,White,1,Black,different race,Juror chosen to serve on jury,1
1072,77,White,1,Black,different race,Juror chosen to serve on jury,1
1073,77,Black,0,Black,same race,Struck by the state,0
1074,77,White,1,Black,different race,Struck by the defense,1
1075,77,White,1,Black,different race,Struck by the defense,1
1076,77,White,1,Black,different race,Struck by the defense,1
1077,77,White,1,Black,different race,Juror chosen to serve on jury,1
1078,77,Black,1,Black,same race,Juror chosen to serve on jury,1
1079,77,White,1,Black,different race,Struck by the defense,1
1080,77,White,1,Black,different race,Struck by the defense,1
1081,77,Black,0,Black,same race,Struck by the state,0
1082,77,White,1,Black,different race,Struck by the defense,1
1083,77,Black,0,Black,same race,Struck by the state,0
1084,77,Black,0,Black,same race,Struck by the state,0
1085,77,White,1,Black,different race,Struck by the defense,1
1086,77,White,1,Black,different race,Juror chosen to serve on jury,1
1087,77,White,1,Black,different race,Juror chosen to serve on jury,1
1088,77,White,1,Black,different race,Struck by the defense,1
1089,77,White,1,Black,different race,Struck by the defense,1
1090,77,White,0,Black,different race,Struck by the state,0
1091,77,White,1,Black,different race,Juror chosen to serve on jury,1
1092,77,White,1,Black,different race,Juror chosen to serve on jury,1
1093,77,White,1,Black,different race,Juror chosen to serve on jury,1
1094,77,White,1,Black,different race,Juror chosen to serve on jury,1
1095,77,Black,0,Black,same race,Struck by the state,0
1096,77,Black,1,Black,same race,Juror chosen as alternate,1
1097,77,White,1,Black,different race,Struck by the defense,1
1098,77,Black,1,Black,same race,Juror chosen as alternate,1
1099,68,Black,1,White,different race,Juror chosen to serve on jury,1
1100,68,Black,1,White,different race,Juror chosen to serve on jury,1
1101,68,Black,1,White,different race,Juror chosen to serve on jury,1
1102,68,Black,1,White,different race,Juror chosen to serve on jury,1
1103,68,White,1,White,same race,Juror chosen to serve on jury,1
1104,68,White,1,White,same race,Juror chosen to serve on jury,1
1105,68,Black,1,White,different race,Juror chosen to serve on jury,1
1106,68,White,1,White,same race,Struck by the defense,1
1107,68,White,1,White,same race,Juror chosen to serve on jury,1
1108,68,White,1,White,same race,Juror chosen to serve on jury,1
1109,68,White,1,White,same race,Juror chosen to serve on jury,1
1110,68,White,1,White,same race,Juror chosen to serve on jury,1
1111,68,White,1,White,same race,Struck by the defense,1
1112,68,White,1,White,same race,Struck by the defense,1
1113,68,White,0,White,same race,Struck by the state,0
1114,68,White,1,White,same race,Juror chosen to serve on jury,1
1115,68,White,1,White,same race,Struck by the defense,1
1116,68,Black,0,White,different race,Struck by the state,0
1117,68,Black,0,White,different race,Struck by the state,0
1118,268,White,1,Black,different race,Juror chosen to serve on jury,1
1119,268,White,1,Black,different race,Juror chosen to serve on jury,1
1120,268,White,1,Black,different race,Juror chosen to serve on jury,1
1121,268,Black,1,Black,same race,Juror chosen to serve on jury,1
1122,268,White,1,Black,different race,Juror chosen to serve on jury,1
1123,268,White,1,Black,different race,Juror chosen to serve on jury,1
1124,268,White,1,Black,different race,Juror chosen to serve on jury,1
1125,268,White,1,Black,different race,Juror chosen to serve on jury,1
1126,268,White,1,Black,different race,Juror chosen to serve on jury,1
1127,268,White,1,Black,different race,Juror chosen to serve on jury,1
1128,268,White,1,Black,different race,Juror chosen as alternate,1
1129,268,White,1,Black,different race,Juror chosen as alternate,1
1130,268,White,1,Black,different race,Struck by the defense,1
1131,268,White,1,Black,different race,Struck by the defense,1
1132,268,White,1,Black,different race,Struck by the defense,1
1133,268,Black,0,Black,same race,Struck by the state,0
1134,268,White,1,Black,different race,Struck by the defense,1
1135,268,White,1,Black,different race,Struck by the defense,1
1136,85,White,1,Black,different race,Struck by the defense,1
1137,85,Black,1,Black,same race,Juror chosen to serve on jury,1
1138,85,White,1,Black,different race,Struck by the defense,1
1139,85,White,1,Black,different race,Struck by the defense,1
1140,85,Black,1,Black,same race,Juror chosen to serve on jury,1
1141,85,Black,1,Black,same race,Juror chosen to serve on jury,1
1142,85,Black,1,Black,same race,Juror chosen to serve on jury,1
1143,268,White,1,Black,different race,Struck by the defense,1
1144,85,Black,0,Black,same race,Struck by the state,0
1145,88,Black,0,Black,same race,Struck by the state,0
1146,88,White,0,Black,different race,Struck by the state,0
1147,85,Black,0,Black,same race,Struck by the state,0
1148,88,Black,0,Black,same race,Struck by the state,0
1149,85,Black,0,Black,same race,Struck by the state,0
1150,85,White,1,Black,different race,Struck by the defense,1
1151,85,White,1,Black,different race,Struck by the defense,1
1152,85,Black,1,Black,same race,Juror chosen to serve on jury,1
1153,85,Black,1,Black,same race,Juror chosen to serve on jury,1
1154,85,White,1,Black,different race,Struck by the defense,1
1155,85,White,1,Black,different race,Juror chosen to serve on jury,1
1156,85,Black,0,Black,same race,Struck by the state,0
1157,85,White,1,Black,different race,Struck by the defense,1
1158,85,Black,0,Black,same race,Struck by the state,0
1159,88,White,1,Black,different race,Struck by the defense,1
1160,88,White,1,Black,different race,Juror chosen to serve on jury,1
1161,88,Black,1,Black,same race,Juror chosen to serve on jury,1
1162,88,White,1,Black,different race,Juror chosen to serve on jury,1
1163,88,Black,0,Black,same race,Struck by the state,0
1164,88,White,1,Black,different race,Struck by the defense,1
1165,88,White,1,Black,different race,Struck by the defense,1
1166,88,White,1,Black,different race,Struck by the defense,1
1167,88,Black,0,Black,same race,Struck by the state,0
1168,88,Black,0,Black,same race,Struck by the state,0
1169,88,Black,1,Black,same race,Juror chosen to serve on jury,1
1170,88,Black,0,Black,same race,Struck by the state,0
1171,88,White,1,Black,different race,Struck by the defense,1
1172,88,White,1,Black,different race,Juror chosen to serve on jury,1
1173,88,White,1,Black,different race,Struck by the defense,1
1174,88,White,0,Black,different race,Struck by the state,0
1175,88,Black,0,Black,same race,Struck by the state,0
1176,88,Black,0,Black,same race,Struck by the state,0
1177,88,Black,0,Black,same race,Struck by the state,0
1178,88,White,1,Black,different race,Struck by the defense,1
1179,88,White,0,Black,different race,Struck by the state,0
1180,88,White,1,Black,different race,Juror chosen to serve on jury,1
1181,88,White,1,Black,different race,Struck by the defense,1
1182,88,Black,0,Black,same race,Struck by the state,0
1183,88,White,1,Black,different race,Struck by the defense,1
1184,88,White,1,Black,different race,Juror chosen to serve on jury,1
1185,88,White,1,Black,different race,Juror chosen to serve on jury,1
1186,88,White,1,Black,different race,Juror chosen to serve on jury,1
1187,88,Black,0,Black,same race,Struck by the state,0
1188,88,White,1,Black,different race,Struck by the defense,1
1189,88,White,1,Black,different race,Struck by the defense,1
1190,88,White,1,Black,different race,Struck by the defense,1
1191,88,White,1,Black,different race,Struck by the defense,1
1192,88,Black,0,Black,same race,Struck by the state,0
1193,88,Black,1,Black,same race,Struck by the defense,1
1194,88,White,1,Black,different race,Struck by the defense,1
1195,88,White,1,Black,different race,Struck by the defense,1
1196,88,White,1,Black,different race,Struck by the defense,1
1197,88,Black,0,Black,same race,Struck by the state,0
1198,88,White,1,Black,different race,Juror chosen as alternate,1
1199,88,White,1,Black,different race,Juror chosen as alternate,1
1200,268,White,1,Black,different race,Struck by the defense,1
1201,92,Black,1,Black,same race,Juror chosen as alternate,1
1202,92,White,0,Black,different race,Struck by the state,0
1203,95,White,1,Black,different race,Juror chosen to serve on jury,1
1204,196,Black,1,Black,same race,Juror chosen to serve on jury,1
1205,95,Black,0,Black,same race,Struck by the state,0
1206,95,White,0,Black,different race,Struck by the state,0
1207,95,White,1,Black,different race,Juror chosen to serve on jury,1
1208,95,White,1,Black,different race,Struck by the defense,1
1209,95,White,1,Black,different race,Struck by the defense,1
1210,95,White,1,Black,different race,Juror chosen to serve on jury,1
1211,95,White,1,Black,different race,Juror chosen to serve on jury,1
1212,95,White,0,Black,different race,Struck by the state,0
1213,95,White,1,Black,different race,Juror chosen to serve on jury,1
1214,95,White,0,Black,different race,Struck by the state,0
1215,95,White,1,Black,different race,Struck by the defense,1
1216,95,White,1,Black,different race,Struck by the defense,1
1217,95,White,1,Black,different race,Juror chosen to serve on jury,1
1218,95,Black,0,Black,same race,Struck by the state,0
1219,95,White,1,Black,different race,Struck by the defense,1
1220,95,White,0,Black,different race,Struck by the state,0
1221,95,White,1,Black,different race,Struck by the defense,1
1222,95,White,1,Black,different race,Juror chosen to serve on jury,1
1223,95,White,1,Black,different race,Struck by the defense,1
1224,95,Black,0,Black,same race,Struck by the state,0
1225,95,White,0,Black,different race,Struck by the state,0
1226,95,White,1,Black,different race,Juror chosen to serve on jury,1
1227,95,White,1,Black,different race,Struck by the defense,1
1228,95,Black,0,Black,same race,Struck by the state,0
1229,95,Black,0,Black,same race,Struck by the state,0
1230,95,White,1,Black,different race,Struck by the defense,1
1231,95,White,1,Black,different race,Juror chosen to serve on jury,1
1232,95,White,1,Black,different race,Juror chosen to serve on jury,1
1233,95,White,1,Black,different race,Struck by the defense,1
1234,95,White,1,Black,different race,Juror chosen to serve on jury,1
1235,95,White,1,Black,different race,Struck by the defense,1
1236,95,White,1,Black,different race,Struck by the defense,1
1237,268,Black,0,Black,same race,Struck by the state,0
1238,95,White,1,Black,different race,Struck by the defense,1
1239,95,White,1,Black,different race,Juror chosen as alternate,1
1240,95,Black,0,Black,same race,Struck by the state,0
1241,196,Black,0,Black,same race,Struck by the state,0
1242,196,Black,0,Black,same race,Struck by the state,0
1243,205,Black,0,Black,same race,Struck by the state,0
1244,205,White,0,Black,different race,Struck by the state,0
1245,205,White,0,Black,different race,Struck by the state,0
1246,205,Black,0,Black,same race,Struck by the state,0
1247,205,Black,0,Black,same race,Struck by the state,0
1248,36,Black,0,White,different race,Struck by the state,0
1249,36,Black,1,White,different race,Juror chosen to serve on jury,1
1250,36,Black,1,White,different race,Struck by the defense,1
1251,36,Black,1,White,different race,Juror chosen to serve on jury,1
1252,36,White,0,White,same race,Struck by the state,0
1253,36,White,1,White,same race,Struck by the defense,1
1254,36,Black,0,White,different race,Struck by the state,0
1255,36,White,0,White,same race,Struck by the state,0
1256,36,White,0,White,same race,Struck by the state,0
1257,36,Black,0,White,different race,Struck by the state,0
1258,36,Black,0,White,different race,Struck by the state,0
1259,36,Black,1,White,different race,Struck by the defense,1
1260,36,Black,1,White,different race,Juror chosen to serve on jury,1
1261,36,White,1,White,same race,Struck by the defense,1
1262,36,Black,1,White,different race,Struck by the defense,1
1263,36,White,1,White,same race,Juror chosen to serve on jury,1
1264,36,White,1,White,same race,Struck by the defense,1
1265,36,White,1,White,same race,Juror chosen to serve on jury,1
1266,36,Black,0,White,different race,Struck by the state,0
1267,36,White,1,White,same race,Struck by the defense,1
1268,36,Black,0,White,different race,Struck by the state,0
1269,36,White,1,White,same race,Struck by the defense,1
1270,36,White,1,White,same race,Struck by the defense,1
1271,36,White,1,White,same race,Struck by the defense,1
1272,36,White,1,White,same race,Juror chosen to serve on jury,1
1273,36,Black,0,White,different race,Struck by the state,0
1274,36,Black,1,White,different race,Juror chosen to serve on jury,1
1275,36,White,1,White,same race,Struck by the defense,1
1276,36,White,1,White,same race,Juror chosen to serve on jury,1
1277,36,White,1,White,same race,Struck by the defense,1
1278,36,Black,1,White,different race,Juror chosen to serve on jury,1
1279,36,White,0,White,same race,Struck by the state,0
1280,36,Black,0,White,different race,Struck by the state,0
1281,36,Black,0,White,different race,Struck by the state,0
1282,36,White,1,White,same race,Juror chosen as alternate,1
1283,36,Black,0,White,different race,Struck by the state,0
1284,25,White,1,Black,different race,Juror chosen to serve on jury,1
1285,25,White,1,Black,different race,Juror chosen to serve on jury,1
1286,25,White,1,Black,different race,Juror chosen to serve on jury,1
1287,25,Black,0,Black,same race,Struck by the state,0
1288,25,White,1,Black,different race,Juror chosen to serve on jury,1
1289,25,White,1,Black,different race,Struck by the defense,1
1290,25,White,0,Black,different race,Struck by the state,0
1291,25,White,0,Black,different race,Struck by the state,0
1292,25,Black,1,Black,same race,Struck by the defense,1
1293,25,Black,1,Black,same race,Juror chosen to serve on jury,1
1294,25,White,1,Black,different race,Juror chosen to serve on jury,1
1295,25,White,1,Black,different race,Juror chosen to serve on jury,1
1296,25,White,1,Black,different race,Juror chosen to serve on jury,1
1297,25,White,1,Black,different race,Struck by the defense,1
1298,25,Black,0,Black,same race,Struck by the state,0
1299,25,White,1,Black,different race,Juror chosen to serve on jury,1
1300,25,White,1,Black,different race,Struck by the defense,1
1301,25,White,1,Black,different race,Struck by the defense,1
1302,25,Black,0,Black,same race,Struck by the state,0
1303,25,White,1,Black,different race,Struck by the defense,1
1304,25,White,1,Black,different race,Struck by the defense,1
1305,25,White,1,Black,different race,Juror chosen to serve on jury,1
1306,25,White,1,Black,different race,Struck by the defense,1
1307,25,White,1,Black,different race,Struck by the defense,1
1308,25,Black,0,Black,same race,Struck by the state,0
1309,25,White,1,Black,different race,Struck by the defense,1
1310,25,White,1,Black,different race,Struck by the defense,1
1311,25,White,1,Black,different race,Juror chosen to serve on jury,1
1312,25,White,1,Black,different race,Struck by the defense,1
1313,25,White,1,Black,different race,Juror chosen to serve on jury,1
1314,25,White,1,Black,different race,Juror chosen as alternate,1
1315,25,White,1,Black,different race,Juror chosen as alternate,1
1316,38,White,0,Black,different race,Struck by the state,0
1317,38,White,1,Black,different race,Struck by the defense,1
1318,38,White,1,Black,different race,Juror chosen to serve on jury,1
1319,38,White,1,Black,different race,Struck by the defense,1
1320,38,White,1,Black,different race,Juror chosen to serve on jury,1
1321,38,Black,1,Black,same race,Juror chosen to serve on jury,1
1322,38,Black,0,Black,same race,Struck by the state,0
1323,38,White,1,Black,different race,Juror chosen to serve on jury,1
1324,38,White,1,Black,different race,Struck by the defense,1
1325,38,White,0,Black,different race,Struck by the state,0
1326,38,Black,1,Black,same race,Juror chosen to serve on jury,1
1327,38,White,1,Black,different race,Juror chosen to serve on jury,1
1328,38,White,1,Black,different race,Juror chosen as alternate,1
1329,38,White,1,Black,different race,Struck by the defense,1
1330,38,White,1,Black,different race,Juror chosen as alternate,1
1331,268,White,1,Black,different race,Struck by the defense,1
1332,268,White,0,Black,different race,Struck by the state,0
1333,107,White,1,Black,different race,Struck by the defense,1
1334,107,White,1,Black,different race,Struck by the defense,1
1335,107,White,1,Black,different race,Struck by the defense,1
1336,107,White,1,Black,different race,Struck by the defense,1
1337,107,White,1,Black,different race,Struck by the defense,1
1338,107,White,1,Black,different race,Juror chosen to serve on jury,1
1339,107,White,1,Black,different race,Juror chosen to serve on jury,1
1340,107,White,0,Black,different race,Struck by the state,0
1341,107,White,1,Black,different race,Juror chosen to serve on jury,1
1342,107,Black,1,Black,same race,Juror chosen to serve on jury,1
1343,107,White,0,Black,different race,Struck by the state,0
1344,268,Black,0,Black,same race,Struck by the state,0
1345,85,Black,0,Black,same race,Struck by the state,0
1346,85,Black,1,Black,same race,Juror chosen to serve on jury,1
1347,85,White,1,Black,different race,Juror chosen to serve on jury,1
1348,88,White,1,Black,different race,Juror chosen to serve on jury,1
1349,88,Black,0,Black,same race,Struck by the state,0
1350,102,Black,0,Black,same race,Struck by the state,0
1351,102,White,0,Black,different race,Struck by the state,0
1352,102,White,1,Black,different race,Juror chosen to serve on jury,1
1353,102,White,1,Black,different race,Struck by the defense,1
1354,102,White,1,Black,different race,Juror chosen to serve on jury,1
1355,102,White,1,Black,different race,Struck by the defense,1
1356,102,White,1,Black,different race,Struck by the defense,1
1357,102,White,1,Black,different race,Struck by the defense,1
1358,102,White,1,Black,different race,Struck by the defense,1
1359,102,White,1,Black,different race,Struck by the defense,1
1360,102,White,1,Black,different race,Juror chosen to serve on jury,1
1361,102,White,1,Black,different race,Juror chosen to serve on jury,1
1362,102,White,1,Black,different race,Struck by the defense,1
1363,102,White,1,Black,different race,Juror chosen to serve on jury,1
1364,102,Black,0,Black,same race,Struck by the state,0
1365,102,White,1,Black,different race,Struck by the defense,1
1366,102,Black,0,Black,same race,Struck by the state,0
1367,102,White,1,Black,different race,Struck by the defense,1
1368,102,Black,0,Black,same race,Struck by the state,0
1369,102,White,1,Black,different race,Struck by the defense,1
1370,102,White,0,Black,different race,Struck by the state,0
1371,102,White,1,Black,different race,Juror chosen to serve on jury,1
1372,102,Black,1,Black,same race,Juror chosen to serve on jury,1
1373,102,White,1,Black,different race,Juror chosen to serve on jury,1
1374,102,White,1,Black,different race,Juror chosen to serve on jury,1
1375,102,White,1,Black,different race,Struck by the defense,1
1376,102,White,1,Black,different race,Struck by the defense,1
1377,102,White,0,Black,different race,Struck by the state,0
1378,102,White,1,Black,different race,Juror chosen to serve on jury,1
1379,102,White,1,Black,different race,Juror chosen to serve on jury,1
1380,45,White,1,Black,different race,Juror chosen to serve on jury,1
1381,45,White,1,Black,different race,Struck by the defense,1
1382,45,White,1,Black,different race,Juror chosen to serve on jury,1
1383,45,White,1,Black,different race,Juror chosen to serve on jury,1
1384,45,Black,1,Black,same race,Juror chosen to serve on jury,1
1385,45,White,1,Black,different race,Struck by the defense,1
1386,45,White,1,Black,different race,Struck by the defense,1
1387,45,White,1,Black,different race,Juror chosen to serve on jury,1
1388,45,White,1,Black,different race,Struck by the defense,1
1389,45,Black,0,Black,same race,Struck by the state,0
1390,45,Black,0,Black,same race,Struck by the state,0
1391,47,White,1,Black,different race,Juror chosen to serve on jury,1
1392,47,White,0,Black,different race,Struck by the state,0
1393,223,Black,1,Black,same race,Juror chosen to serve on jury,1
1394,223,Black,0,Black,same race,Struck by the state,0
1395,223,Black,1,Black,same race,Struck by the defense,1
1396,223,Black,0,Black,same race,Struck by the state,0
1397,223,Black,0,Black,same race,Struck by the state,0
1398,223,Black,0,Black,same race,Struck by the state,0
1399,223,Black,0,Black,same race,Struck by the state,0
1400,45,Black,0,Black,same race,Struck by the state,0
1401,223,Black,1,Black,same race,Juror chosen to serve on jury,1
1402,47,Black,0,Black,same race,Struck by the state,0
1403,47,White,1,Black,different race,Juror chosen to serve on jury,1
1404,47,White,1,Black,different race,Juror chosen to serve on jury,1
1405,47,White,1,Black,different race,Juror chosen to serve on jury,1
1406,47,White,1,Black,different race,Juror chosen to serve on jury,1
1407,47,Black,0,Black,same race,Struck by the state,0
1408,47,White,1,Black,different race,Struck by the defense,1
1409,47,White,1,Black,different race,Juror chosen to serve on jury,1
1410,47,White,1,Black,different race,Struck by the defense,1
1411,47,White,1,Black,different race,Struck by the defense,1
1412,47,White,1,Black,different race,Juror chosen to serve on jury,1
1413,47,White,1,Black,different race,Juror chosen to serve on jury,1
1414,47,White,1,Black,different race,Juror chosen to serve on jury,1
1415,47,White,1,Black,different race,Juror chosen to serve on jury,1
1416,47,White,1,Black,different race,Juror chosen as alternate,1
1417,47,White,1,Black,different race,Juror chosen as alternate,1
1418,268,White,1,Black,different race,Struck by the defense,1
1419,268,White,1,Black,different race,Struck by the defense,1
1420,135,Black,0,Black,same race,Struck by the state,0
1421,135,White,1,Black,different race,Juror chosen to serve on jury,1
1422,135,Black,0,Black,same race,Struck by the state,0
1423,135,White,1,Black,different race,Struck by the defense,1
1424,135,White,1,Black,different race,Juror chosen to serve on jury,1
1425,135,Black,0,Black,same race,Struck by the state,0
1426,135,White,1,Black,different race,Struck by the defense,1
1427,135,White,1,Black,different race,Struck by the defense,1
1428,135,Black,0,Black,same race,Struck by the state,0
1429,135,White,1,Black,different race,Struck by the defense,1
1430,135,White,1,Black,different race,Juror chosen to serve on jury,1
1431,135,Black,0,Black,same race,Struck by the state,0
1432,135,Black,0,Black,same race,Struck by the state,0
1433,301,White,0,Black,different race,Struck by the state,0
1434,301,White,1,Black,different race,Struck by the defense,1
1435,301,Black,0,Black,same race,Struck by the state,0
1436,301,White,1,Black,different race,Struck by the defense,1
1437,301,White,1,Black,different race,Struck by the defense,1
1438,10,White,1,White,same race,Juror chosen to serve on jury,1
1439,301,White,1,Black,different race,Juror chosen to serve on jury,1
1440,301,White,1,Black,different race,Juror chosen to serve on jury,1
1441,301,Black,1,Black,same race,Juror chosen to serve on jury,1
1442,301,White,1,Black,different race,Juror chosen to serve on jury,1
1443,301,White,1,Black,different race,Juror chosen to serve on jury,1
1444,10,Black,0,White,different race,Struck by the state,0
1445,10,White,1,White,same race,Struck by the defense,1
1446,10,Black,1,White,different race,Juror chosen to serve on jury,1
1447,10,White,0,White,same race,Struck by the state,0
1448,10,White,0,White,same race,Struck by the state,0
1449,10,White,1,White,same race,Juror chosen to serve on jury,1
1450,10,White,0,White,same race,Struck by the state,0
1451,10,White,1,White,same race,Juror chosen to serve on jury,1
1452,10,White,0,White,same race,Struck by the state,0
1453,10,Black,0,White,different race,Struck by the state,0
1454,10,White,1,White,same race,Struck by the defense,1
1455,10,White,1,White,same race,Juror chosen to serve on jury,1
1456,10,Black,0,White,different race,Struck by the state,0
1457,301,White,1,Black,different race,Juror chosen to serve on jury,1
1458,301,White,1,Black,different race,Struck by the defense,1
1459,301,White,1,Black,different race,Struck by the defense,1
1460,301,Black,0,Black,same race,Struck by the state,0
1461,301,White,1,Black,different race,Struck by the defense,1
1462,301,White,0,Black,different race,Struck by the state,0
1463,10,White,1,White,same race,Juror chosen to serve on jury,1
1464,10,White,1,White,same race,Struck by the defense,1
1465,10,Black,1,White,different race,Juror chosen to serve on jury,1
1466,10,White,1,White,same race,Struck by the defense,1
1467,301,Black,0,Black,same race,Struck by the state,0
1468,301,White,1,Black,different race,Struck by the defense,1
1469,301,White,1,Black,different race,Struck by the defense,1
1470,301,White,1,Black,different race,Struck by the defense,1
1471,301,White,1,Black,different race,Struck by the defense,1
1472,301,Black,0,Black,same race,Struck by the state,0
1473,301,White,1,Black,different race,Struck by the defense,1
1474,301,White,1,Black,different race,Juror chosen to serve on jury,1
1475,301,Black,1,Black,same race,Juror chosen to serve on jury,1
1476,301,White,1,Black,different race,Juror chosen to serve on jury,1
1477,301,Black,0,Black,same race,Struck by the state,0
1478,277,Black,1,Unknown,different race,Struck by the defense,1
1479,277,Black,1,Unknown,different race,Struck by the defense,1
1480,277,Black,1,Unknown,different race,Struck by the defense,1
1481,253,White,1,Black,different race,Juror chosen to serve on jury,1
1482,253,Black,1,Black,same race,Juror chosen to serve on jury,1
1483,253,Black,0,Black,same race,Struck by the state,0
1484,253,White,0,Black,different race,Struck by the state,0
1485,253,Black,0,Black,same race,Struck by the state,0
1486,253,Black,0,Black,same race,Struck by the state,0
1487,253,Black,0,Black,same race,Struck by the state,0
1488,253,White,0,Black,different race,Struck by the state,0
1489,251,White,0,Black,different race,Struck by the state,0
1490,10,Black,1,White,different race,Juror chosen to serve on jury,1
1491,10,Black,0,White,different race,Struck by the state,0
1492,10,White,0,White,same race,Struck by the state,0
1493,10,Black,1,White,different race,Juror chosen to serve on jury,1
1494,10,White,1,White,same race,Juror chosen to serve on jury,1
1495,10,Black,1,White,different race,Struck by the defense,1
1496,10,White,1,White,same race,Struck by the defense,1
1497,246,White,1,Black,different race,Struck by the defense,1
1498,246,Black,0,Black,same race,Struck by the state,0
1499,246,White,1,Black,different race,Struck by the defense,1
1500,246,Black,0,Black,same race,Struck by the state,0
1501,246,White,1,Black,different race,Struck by the defense,1
1502,10,White,0,White,same race,Struck by the state,0
1503,10,White,1,White,same race,Struck by the defense,1
1504,10,White,1,White,same race,Struck by the defense,1
1505,10,Black,1,White,different race,Juror chosen to serve on jury,1
1506,10,White,1,White,same race,Struck by the defense,1
1507,10,Black,0,White,different race,Struck by the state,0
1508,10,White,1,White,same race,Juror chosen as alternate,1
1509,10,White,1,White,same race,Juror chosen as alternate,1
1510,196,Black,0,Black,same race,Struck by the state,0
1511,6,White,0,White,same race,Struck by the state,0
1512,22,White,0,Black,different race,Struck by the state,0
1513,74,White,1,White,same race,Juror chosen to serve on jury,1
1514,74,Black,1,White,different race,Juror chosen as alternate,1
1515,74,Black,1,White,different race,Juror chosen as alternate,1
1516,47,White,1,Black,different race,Struck by the defense,1
